,0,1,2,3,4,5,6
0,0.9231643413014147,-9.72106056747561,0.1420854656464782,0.0,0.0,0.0,0.0
1,-0.14490343798585498,0.4967180846708549,-0.9723243544851158,0.0,0.0,0.0,0.0
2,-0.035961093265701405,0.10372614113107927,0.4472479294691996,0.0,0.0,0.0,0.0
3,1.0949059134581205,0.20547281827440084,0.3092476425846633,0.0,0.0,0.0,0.0
4,0.8065110981347404,0.18448776404129724,0.557681108417852,0.0,0.0,0.0,0.0
5,0.07781054519099785,0.10675348585575409,0.15138002068585232,0.0,0.0,0.0,0.0
6,1.117861227896289,0.19882337735588296,-0.03443992662683512,0.0,0.0,0.0,0.0
7,0.4583759217700775,0.13765966480269942,-0.025478896428715293,0.0,0.0,0.0,0.0
8,1.4324042319891528,0.2279955480006162,-0.03871391018764424,0.0,0.0,0.0,0.0
9,0.09581399087673925,0.10403399715262485,-0.02055243577765502,0.0,0.0,0.0,0.0
10,-0.2222094337316646,0.07453903623803519,-0.01623116055787507,0.0,0.0,0.0,0.0
11,-0.2678355714277047,0.07030745754321073,-0.015611196482797877,0.0,0.0,0.0,0.0
12,-0.24417958823607505,0.07250142265912181,-0.01593263196872487,0.0,0.0,0.0,0.0
13,-0.25298940266606196,0.07168435978836465,-0.015812924960577214,0.0,0.0,0.0,0.0
14,-0.11111846164170458,0.11240925046622662,1.1002603289381252,0.0,0.0,0.0,0.0
15,-0.22596176209999247,0.07419102797826693,-0.016180174239496897,0.0,0.0,0.0,0.0
16,-0.0746722328146669,0.08822231752416504,-0.018235883483797413,0.0,0.0,0.0,0.0
17,-0.2862709238460113,0.06859767783218727,-0.01536069848367912,0.0,0.0,0.0,0.0
18,-0.25462084978272576,0.07153305184933709,-0.01579075699562754,0.0,0.0,0.0,0.0
19,-0.2843675688765692,0.06877420376106191,-0.015386561108956068,0.0,0.0,0.0,0.0
20,-0.24929145586828938,0.07202732445016786,-0.015863172346552292,0.0,0.0,0.0,0.0
21,-0.3238485890998423,0.06511255163657524,-0.014850096367359962,0.0,0.0,0.0,0.0
22,-0.16516316621897442,0.07982977050605312,-0.01700630038451913,0.0,0.0,0.0,0.0
23,-0.27267553120714266,0.06985857732408725,-0.015545431521585397,0.0,0.0,0.0,0.0
24,-0.23558730008830975,0.07329831113800417,-0.016049383248525794,0.0,0.0,0.0,0.0
25,-0.22297077571944124,0.07446842586648335,-0.016220815507803327,0.0,0.0,0.0,0.0
26,-0.22101303917944293,0.07464999539332647,-0.016247417064939585,0.0,0.0,0.0,0.0
27,-0.166522705482861,0.07970368055686845,-0.016987827080756922,0.0,0.0,0.0,0.0
28,-0.28349746374768386,0.06885490132853041,-0.015398384023915492,0.0,0.0,0.0,0.0
29,-0.2495633637210685,0.07200210646032167,-0.01585947768605449,0.0,0.0,0.0,0.0
30,-0.09811068972407581,0.08604852680012362,-0.017917403726634928,0.0,0.0,0.0,0.0
31,-0.22259010472555318,0.07450373105225609,-0.01622598803276626,0.0,0.0,0.0,0.0
32,-0.2455935090705195,0.07237028911195889,-0.015913419732989667,0.0,0.0,0.0,0.0
33,-0.2727299127776977,0.06985353372613007,-0.01554469258932064,0.0,0.0,0.0,0.0
34,-0.22351459142499622,0.07441798988680948,-0.01621342618632078,0.0,0.0,0.0,0.0
35,0.0356135922718314,0.09845073420247961,-0.01973443788628843,0.0,0.0,0.0,0.0
36,-0.3037274079943179,0.06697868288458853,-0.01512350126323086,0.0,0.0,0.0,0.0
37,-0.04911289465359538,0.09059280856893902,-0.018583181594966264,0.0,0.0,0.0,0.0
38,-0.2687056765565931,0.07022675997572714,-0.015599373568577417,0.0,0.0,0.0,0.0
39,-0.19012430710393532,0.07751475903892484,-0.01666713052702653,0.0,0.0,0.0,0.0
40,-0.19915164781614422,0.07667752177630037,-0.01654446779000546,0.0,0.0,0.0,0.0
41,-0.16521754778952963,0.07982472690808806,-0.01700556145237183,0.0,0.0,0.0,0.0
42,-0.18376166334894517,0.07810486000113881,-0.0167535855885568,0.0,0.0,0.0,0.0
43,-0.15950748288120525,0.08035430469468906,-0.017083149328206447,0.0,0.0,0.0,0.0
44,-0.22242696001388684,0.07451886184616635,-0.016228204829236578,0.0,0.0,0.0,0.0
45,-0.2936668174415549,0.06791174850859961,-0.015260203710910514,0.0,0.0,0.0,0.0
46,-0.23901333903330532,0.07298056446604169,-0.016002830523186854,0.0,0.0,0.0,0.0
47,-0.30573952610487043,0.06679206975977667,-0.015096160773659315,0.0,0.0,0.0,0.0
48,-0.30111709260765496,0.0672207755870298,-0.015158970006525063,0.0,0.0,0.0,0.0
49,-0.14145280145678735,0.0820287792199399,-0.017328474802252358,0.0,0.0,0.0,0.0
50,-0.2774611094160242,0.06941474070294532,-0.015480405492110995,0.0,0.0,0.0,0.0
51,-0.3065008680926485,0.06672145938823473,-0.015085815723733452,0.0,0.0,0.0,0.0
52,-0.2799082800910189,0.06918777879440706,-0.015447153545141229,0.0,0.0,0.0,0.0
53,-0.26566030860548745,0.07050920146191496,-0.01564075376897808,0.0,0.0,0.0,0.0
54,-0.2806696220787972,0.06911716842285358,-0.01543680849544274,0.0,0.0,0.0,0.0
55,-0.3083498414915327,0.06654997705733744,-0.015060692030486343,0.0,0.0,0.0,0.0
56,-0.18169516366783725,0.07829651672390316,-0.016781665010470823,0.0,0.0,0.0,0.0
57,-0.25075975827328784,0.07189114730503825,-0.01584322117855988,0.0,0.0,0.0,0.0
58,-0.2535875999421721,0.07162888021072725,-0.01580479670639981,0.0,0.0,0.0,0.0
59,-0.2098104356450172,0.07568897657465175,-0.01639963708834358,0.0,0.0,0.0,0.0
60,0.011250648662978504,0.09619120231298377,-0.019403396282860724,0.0,0.0,0.0,0.0
61,-0.2463548510582955,0.07229967874040985,-0.01590307468295012,0.0,0.0,0.0,0.0
62,-0.1908312675211569,0.07744919226534515,-0.016657524409073664,0.0,0.0,0.0,0.0
63,-0.17364669122562734,0.07904296922311228,-0.016891026968753234,0.0,0.0,0.0,0.0
64,-0.24010097044441636,0.0728796925066814,-0.015988051880530624,0.0,0.0,0.0,0.0
65,-0.20301273932558236,0.07631942632060187,-0.016492003607158384,0.0,0.0,0.0,0.0
66,-0.20382846288391487,0.07624377235108422,-0.016480919624971533,0.0,0.0,0.0,0.0
67,-0.09675115046019009,0.08617461674930886,-0.017935877030741967,0.0,0.0,0.0,0.0
68,-0.19692200342337016,0.07688430929297116,-0.01657476400809804,0.0,0.0,0.0,0.0
69,-0.17941113770450826,0.07850834783854016,-0.0168127001609172,0.0,0.0,0.0,0.0
70,0.07107037627399877,0.10173916007735845,-0.02021622164899037,0.0,0.0,0.0,0.0
71,-0.06205570844579862,0.08939243225264314,-0.018407315743167757,0.0,0.0,0.0,0.0
72,-0.2630499932188248,0.0707512941643613,-0.01567622251237842,0.0,0.0,0.0,0.0
73,-0.16717528432952702,0.0796431573812528,-0.01697895989506127,0.0,0.0,0.0,0.0
74,-0.24766000875162694,0.07217863238918922,-0.01588534031121775,0.0,0.0,0.0,0.0
75,-0.040085553941387804,0.09143004583155699,-0.01870584433224074,0.0,0.0,0.0,0.0
76,-0.26881443969770424,0.07021667277979349,-0.015597895704169133,0.0,0.0,0.0,0.0
77,-0.2069825939761318,0.07595124366896554,-0.016438061560081096,0.0,0.0,0.0,0.0
78,9.404905620133123,0.9674021408464817,-0.14704358033121182,0.0,0.0,0.0,0.0
79,-0.13596026283068433,0.08253818261467027,-0.01740310694942006,0.0,0.0,0.0,0.0
80,-0.14890307662288688,0.08133780629837516,-0.017227241097546725,0.0,0.0,0.0,0.0
81,-0.18822095213449447,0.07769128496778807,-0.01669299315244936,0.0,0.0,0.0,0.0
82,0.3681568962185431,0.12929233577440338,-0.024253007991095324,0.0,0.0,0.0,0.0
83,0.12099265804392231,0.10636918301162282,-0.020894561363862828,0.0,0.0,0.0,0.0
84,0.13616511622890018,0.10777634684459117,-0.021100723433862826,0.0,0.0,0.0,0.0
85,0.18320517475938297,0.11213905908656933,-0.021739899744735836,0.0,0.0,0.0,0.0
86,0.28190772531756764,0.12129318939779733,-0.023081061598633292,0.0,0.0,0.0,0.0
87,0.09733667485229328,0.10417521789572284,-0.020573125877681047,0.0,0.0,0.0,0.0
88,0.10407998960116902,0.10480062404368774,-0.020664753465194537,0.0,0.0,0.0,0.0
89,0.012664569497421565,0.09632233586014632,-0.019422608518609556,0.0,0.0,0.0,0.0
90,-0.19507303002448406,0.07705579162387124,-0.01659988770114997,0.0,0.0,0.0,0.0
91,-0.15124148415677321,0.08112093158576449,-0.01719546701521639,0.0,0.0,0.0,0.0
92,-0.2538051262243939,0.07160870581885131,-0.015801840978102374,0.0,0.0,0.0,0.0
93,-0.2802345695143539,0.06915751720659506,-0.015442719952613586,0.0,0.0,0.0,0.0
94,-0.17332040180229472,0.07907323081091744,-0.01689546056171475,0.0,0.0,0.0,0.0
95,-0.23509786595331164,0.07334370351971221,-0.016056033638035348,0.0,0.0,0.0,0.0
96,-0.2380888523338624,0.07306630563149465,-0.01601539236955084,0.0,0.0,0.0,0.0
97,-0.1995323188100328,0.07664221659052482,-0.016539295265010332,0.0,0.0,0.0,0.0
98,-0.15314483912621468,0.08094440565689842,-0.017169604389835058,0.0,0.0,0.0,0.0
