Country,Comp1,Comp2,Comp3,Comp4,Comp5,Comp6,Comp7,Comp8,Comp9,Comp10,Comp11,Comp12,Comp13,Comp14,Comp15,Comp16,Comp17,Comp18,Comp19,Comp20,Comp21,Comp22,Comp23
Aruba,0.11771072628132223,-0.6286931041178514,1.1900443200912325,-0.7493300847843222,-0.673579581927641,-0.08383432508254421,-0.7804055815853732,-0.6549346746685153,0.4046129940450862,-0.7966093580322344,0.924367175405528,-0.8054658464847502,-1.1377763634647033,0.618213655226718,-0.06362645727181832,-0.10127441959558688,-0.020760362558723017,0.16618113031559675,-0.013551079016879948,0.22372558057061104,0.1444618902320763,0.15909986728325476,-0.15123763493348066
Angola,-2.6657921300843914,0.6709312082955241,0.007356772861332018,0.6950335432892121,0.10653766467683633,0.10587605113250878,0.5567123839574465,-0.013105608715175528,0.14144501932765907,0.1352055048473983,0.2763868609546312,0.7476906325571512,-0.08910806222401076,-0.1461608439479659,-0.042060024103689926,-0.028880008297470852,0.04080889707685294,-0.021093541604672257,-0.2654866821872947,-0.00045165687517578903,-0.24032137711582682,0.1614453381942729,0.008066697404437825
Albania,1.30884672628238,1.3123617506103828,-1.6127254946407745,-0.61107566575759,-1.6013850101715776,0.5756598257391421,-0.6149679580071244,-0.6449713517484154,0.35983824452020874,0.8706139447775992,-0.6395990637044437,-1.4193659278026212,0.155737453924812,0.23730310831218607,-0.5512244823847741,-0.3475726947467323,-0.021850355336825073,-0.09462220858307228,0.10251204173781882,0.013228594292823987,-0.12603499421692663,0.017846087903080867,0.05067438046883634
Andorra,2.2336353538502736,-0.776519263529756,1.541552388472091,-0.1529193592216399,-0.09708858750227777,1.443956721086311,-0.3267278732878449,0.19772033771718758,1.2247630047359375,0.2217770994522325,0.46333497114184297,-0.3525836521085618,-0.36508509040685533,0.5440954600304345,-0.216004037829376,0.5154948646738836,-0.3177331724663024,-0.18986947623507713,0.07121226718944129,-0.18891856813561034,0.19141117284422043,0.5003586256954662,0.06733757752393162
United Arab Emirates,1.516742017000717,-0.755626087012509,-0.028439171048948397,0.9779980922784292,0.9642401538120908,2.467858152749082,0.3729004675657627,0.01827290270223408,-0.046973261818500416,0.3755223966711362,0.696853552883012,0.018360607664343553,-1.293319652853837,0.2699192096565568,-0.3849152260731011,-0.5155373188490703,0.6401667009181145,-0.2097056008196949,0.20986724730567072,0.17801177301710303,-0.027752526939169363,-0.11743490981918014,-0.04623845053410442
Argentina,-0.36726608062077104,-0.3719791886410825,0.8800777436824769,-1.5258534490742193,-0.17731825521884528,0.2632233787587562,-0.735323385629935,0.5344440400755839,0.08060025617181234,-0.7583335438666852,-1.2077735059832773,-0.42889112867686113,0.37220847519486316,-0.28869454940938816,-0.1978042319521918,-0.2629749430694229,-0.040385910496432975,-0.07904750894758213,-0.3257372421394777,-0.05278244561865141,0.08343306038387835,-0.026783239624822455,-0.020170861498541737
Armenia,9.570162785668629,8.17135868570534,-6.972772310719369,-1.689302608618537,2.1227009266521626,1.836955358597213,1.8461994626717932,0.7669588958695054,0.27965100909604784,0.002410684976549241,1.384467703152387,0.5274747842997969,-0.8636964521458715,-2.0381924100337168,0.7049177497122984,-0.4721363581803242,0.24165012467353744,1.3220659599530287,-0.23521077224352516,-0.5570430611028201,0.37488078413527687,-0.06526560428938909,0.000880996437957873
American Samoa,0.8743173234687979,1.7157719979292532,0.44835600380778734,0.5768148015027378,0.029062535064154394,-0.5189115133521818,0.06283128834393753,-0.10849428652852465,-0.015626537868265743,0.28843326981303224,0.055239516895321604,-0.1658409251081589,0.3644098037072844,-0.3758826413511891,-1.0685624947962613,0.8439350263649611,-0.3846905827116718,-0.7156834084743648,0.08784063136323145,-0.17238470488625648,0.8970553685271392,-0.03702732910089626,-0.005513354009825357
Antigua and Barbuda,-0.30856440768696086,-0.07087502051168036,0.29643521361555697,0.22420163397005777,-0.15996115022821641,1.2217767658950716,-0.1973300790492313,-0.7934370055267094,-0.18080554510315267,0.3096007815001003,0.1229073621485607,-0.07261364632388803,-0.8302018035262102,0.35079516578996023,-0.49354624762583066,0.029990601856638197,-0.030240908069868178,-0.15191532475857494,0.021274832093259616,-0.008966634005984851,-0.06634105770067147,0.10820768192437281,0.05891133116318633
Australia,2.2877736434191607,-1.3756386772741043,0.45974911425922355,-0.7803932865603391,-0.7491126875342895,0.9179040953522359,-0.39789967464988385,0.9250892511534339,0.2013193847347712,-0.5162604354034226,-0.08034701857824018,-0.7651255218581148,0.8762311903591216,-0.33827001265690965,0.15406569999972822,-0.26760499858786324,0.1560096189229676,-0.2471264105870178,0.04608017708251841,0.052228707312009535,-0.06437145756353634,0.04435476708723918,-0.030183874611291177
Austria,2.2169416296065902,-2.9620199830424054,0.9079349085131587,-0.21283946456125502,-1.5506472213722582,-0.16303327560379,0.07606862362447434,0.5940015204412812,-0.8553997723653732,0.030117333855133183,-0.18945390734580178,1.1050335427504516,-0.06194328940179605,-0.8664190575429987,-0.22296162438888512,-0.3122910645076378,0.21785240549605292,0.1879631996558506,-0.11135790416982605,0.17806250444756555,0.03446929306903918,0.039636355412375125,-0.03378294601723669
Azerbaijan,-0.295563396684137,-0.6349089793650045,-0.2640947238337415,0.8235188987052063,-1.7559824058733324,1.2216739445645235,-0.19737881864011736,-0.12630915677812046,0.45210539550127754,-0.11370927470387025,-0.25679161842022286,0.10675249346752837,-1.07392105250667,0.6592131825525334,0.07211249556545339,0.2011723966401511,-0.4268078691402922,0.19285115440667072,0.021374875080812962,-0.004300017914582691,0.19359563145858366,-0.15847406317090815,0.06116225100130597
Burundi,-2.171097680824301,0.4555526081882102,-1.1288800941098052,1.6750331681772712,-1.3199498709363482,-1.168028923336035,0.295200352147796,-0.7105316081479934,-0.9437275109205241,0.2315537535700613,0.7519438428523219,0.17238572799175236,0.0034394029616935436,0.04594642163619467,0.378388359034435,0.1516834347705512,0.08263620122949929,0.09528214278894344,0.3539133064289426,-0.012355128878748756,-0.07482665068043876,-0.010395028983702969,0.025337947830565272
Belgium,2.728641412449054,-2.8865449306283875,0.6182174927708646,-0.35087467273133904,-1.85718969495989,-0.5462952616635525,-0.06190076408735747,0.3238826047719349,-0.8358337701563242,0.34830302058894186,0.018401284763331062,0.67116669087864,-0.05524649349587262,-0.2701776617179324,0.12703180941996897,0.3761807044405808,0.6686344907436085,0.19397917318727287,0.14000043437740728,0.03404354201777304,0.07775821493023302,-0.03456172711197974,0.021742171229591753
Benin,-2.9267660920957055,0.865139400029862,-0.1082323668279583,1.0632824571608532,-0.30150948847152376,0.007652197685903579,0.6370757495750697,0.3699275068348809,-0.5201571272851678,-0.7749201293105044,0.23564214039970416,0.5988246604323462,0.16982902335661265,-0.4839248964676013,-0.12358910499459806,0.19718260364040308,-0.13987859332891228,0.08620394060431945,0.01628656643203987,-0.002369108799374039,-0.10509290170927989,0.05223876332714129,0.004793177932263517
Burkina Faso,-2.6758014910167307,0.6442135130665844,-0.5650479674580596,1.4406464803482086,-1.8376649712953528,-0.764050521756667,0.25386496430795064,-0.2996203130331802,0.6008386607289147,-0.8008810506869263,0.5129166782569794,0.38641877580908096,-0.054185352164995586,-0.3390309078573677,0.023830515615925578,-0.060601441347226,-0.17184747702634856,0.03901427062029443,0.1255853964930334,0.009565979516103308,0.022820108510684986,-0.03114879775188259,0.026852111483852286
Bangladesh,-0.94949443808998,1.4630520928862554,-1.6160108300896958,1.8431883692221047,-1.3519463091396031,0.5111774542989383,0.3202908857586235,-1.133526791224676,-0.0047568117831813675,-0.05739656858582311,0.4563020667912521,0.28066882118081027,0.09631284976066495,-0.6428092718603808,-0.8096412851790068,0.3039802945632889,-0.3364479222327662,0.4411015385665452,0.10255848704914342,0.35338466081300224,-0.07385634571008397,0.09571287437534463,-0.17238979775825064
Bulgaria,2.835906826747995,0.8884708578075532,-1.5461834289466347,-0.50129309042827,1.2847554683452758,-0.18061275657568485,-1.2026030335770006,-1.0129233890522997,0.3421818156437487,-0.2999143841725555,-0.6930940951458116,-0.00876088665184699,0.20320415794007668,-0.534900187428979,-0.14090750491185525,0.0973372297582448,0.2298080142769759,-0.11338328003671978,-0.3533836837297063,-0.09375678782125452,-0.11794182792951333,-0.05074620071894596,-0.012520357612018695
Bahrain,0.5483637287131029,-1.1385573881356252,0.571894837369324,0.05452354286109378,-0.11705115729482742,1.9054268017713019,-0.31210715751961216,-0.15858069183726287,-0.18556511383581642,-0.5129162519779507,-0.2573832352164027,-0.21739255186337153,-1.2315759022837958,0.5245928895246413,0.013743683481893552,-0.16089356374090874,-0.10088049563532323,0.05668160462738634,0.016541173656355757,-0.03250346317780138,-0.10640623790567985,0.002526006162677265,0.030932856007414532
"Bahamas, The",-0.20715281806451616,-0.6440754918762968,0.7067676618122251,-1.0474072119768465,-0.6784030531136839,1.2240966010903092,-0.5211158700747306,-1.097102098102572,0.25273397259564306,0.7537984002827974,-0.3552613327380305,-0.1823710215012803,-0.46935310145346226,0.5630436600985067,0.18730036487115884,-0.05601127923329416,0.021006676946456384,0.08293705889491942,0.10700686629429182,0.01723659657419588,-0.01585562140526634,0.010626903147684804,0.06873724017375003
Bosnia and Herzegovina,2.21674637384017,2.048780379649043,-1.200417319419223,-2.935779606635239,-1.1625250790732045,-0.23545031150868653,-0.29137414922631444,-1.505290179499702,0.95389644862277,1.4995107738482405,0.18522230440162513,-0.4993064048951576,-0.21192820074086183,0.07397526593546139,-0.8494592627690065,0.16948678786963373,-0.02598344352331064,-0.21257481855598345,-0.05958158847883754,-0.011422284766908533,-0.20324652030306312,0.01854669110140082,-0.0767041924239865
Belarus,5.247018957019488,1.6446443091610834,-4.539062294236392,-1.4619967733748334,-0.6256874365583234,-0.2782216351736819,-0.4346236027082168,0.09439154457142804,-0.04224407622691524,-3.274953743900145,-1.4365994742717432,1.6699023983623977,0.347387674948889,0.19313649361991647,1.2733591199638348,-0.7722938665826178,-0.3350244233932898,-0.9128262253545674,0.11070366912129517,0.11771492459224306,-0.09297694816760356,-0.06111842019558474,0.24277909767541428
Belize,-2.428051467846363,1.257272456453036,1.5031054993020951,-1.8508334883982198,0.7250807884723586,-0.5227120488381173,-0.1758885240515395,-0.46800841600830045,-0.033301611939882965,-0.7821756545216996,0.24660024467024336,-0.007932786783108155,-0.1692336640982778,-0.26116891870369324,-0.3921328711424376,-0.08692349041506849,-0.08747486201271476,0.009121290745200178,-0.14667456421173833,0.13565854232202434,0.009784172314548117,-0.1108583383030934,0.04208432231733516
Bermuda,1.3510941796801028,-1.828965938608667,1.229326321164757,0.06339502395643665,-0.060977483334858903,1.54429656990711,-0.6732575970922765,0.3997902419611907,2.2349178853915803,0.37890094682990894,-0.14313491296923622,0.4192782664134216,-1.1976952366864266,1.019522067806715,0.3923265467917305,1.630291213348497,-0.5274175302928226,0.32760632557134617,-0.03763592136973158,-0.38585803497213483,-0.3088816241415301,-0.27313525246568193,-0.045448705228799714
Bolivia,-1.7035683542567128,0.6428232888648095,0.6186247958232175,-0.5827829082074083,1.133976205902332,-0.21377629904104287,0.4503544734807588,2.30295129892519,-0.7023147474047652,-0.6338811959628105,0.1916427918609743,-0.5507755130448194,-0.04965425111623416,-0.0773059986743406,-0.34096939854915725,-0.020118231784731135,0.0504034519707209,-0.021917636647684587,-0.3866003207281835,-0.0261843350630471,0.015631952055723975,-0.012391608360074823,-0.09202328808847492
Brazil,-1.5271477038379462,-0.1711062512331214,1.4691020243005815,-1.283475775690975,1.00432169342841,-0.3287794499322437,-0.6388768795804418,0.4991415698007223,0.5038067038682518,-1.0348293508087105,-0.3371684618124214,-0.1477575284462656,-0.19820982209048682,-0.21597983270017806,-0.1842727847101687,-0.09055536348011119,0.21134010912793066,-0.001483886611488349,-0.02709228113226236,-0.07187928320252562,0.07090714061134139,-0.015124739075481253,0.011026130739524482
Barbados,0.875418460148546,-1.0252677052961419,0.7640325033598564,-1.379833253294899,-0.46170396791746354,-0.7616768477530922,-1.0303495739016058,0.462025801513431,0.8602937914784888,0.01310145037240754,-0.09951351572377799,-0.883868772078128,0.031145419207429022,-0.04439784238136339,-0.2640128657588725,0.4275084319618989,-0.15536686511688458,0.2887978344594065,0.009290615725828935,-0.15767000040514823,-0.1772721516766402,0.02943302686374395,-0.09600434785584128
Brunei Darussalam,-1.0090070823796222,-0.47596453631893854,0.7485579840969256,0.09557766745183668,-0.8645015507809373,0.6991464921533583,-0.4584755086126287,-0.1340483315379577,0.5721468648163127,-0.8694784857063519,-0.06840869509328494,-0.28569800617586594,-0.8041077461269445,-0.009238024167605552,-0.3758848859392769,-0.6466377718624365,-0.1752456792755401,-0.04683157756635113,-0.15212629039795725,-0.03404082888073986,0.04548366830021531,0.022261179651948626,-0.009612613600960116
Bhutan,-1.1063839556701363,1.355152556548551,-0.7269137188229117,0.8130203290701707,-0.12731358194520123,0.39432491077293574,0.5731072859702288,1.023052397020322,-1.2206432070404845,-0.19616432165713382,0.9701287651377861,-1.0622372441882257,-0.3076646245203604,0.5430094271578585,-0.4615702786787367,0.5972977525656387,-0.09910358847798639,0.09967343773592678,0.11981976451254117,0.6060006361320323,0.02538342647220517,0.23943094900081524,0.09189490861920105
Botswana,-3.23067063572943,1.2084621549627153,1.6610544237804392,-3.1041345633608404,1.2708611774535856,-2.0814159651065203,-0.04493144959266637,-0.1390520109550849,-0.6995274914771739,-0.30804992873775816,0.6693616138044678,-0.17744360490569885,0.4175174200419297,-0.10310235864685705,0.2882032169821391,-0.09555736923433243,-0.22988396557767096,0.16882193214715355,0.36754509718301664,-0.07263104500814435,0.08165784096257551,-0.06702863295252631,0.02379077266268677
Central African Republic,-3.6705447775101363,1.229501093638821,0.8498742069136821,0.265954335584671,1.7907817740347176,0.4531688056325039,0.01602536732349971,-1.994828395299833,0.6578130803948531,-0.702468614837412,-0.1758504449509182,1.2987885187487207,-0.08115470086736454,-0.6719134391364677,-0.3911698627422017,0.1003999326506311,0.17394363446072747,0.03313850895423164,0.11414070247920932,-0.059879794432012586,-0.10081007777947537,0.06414331698783363,0.01683667504451478
Canada,2.878870533350015,-0.9709680750978325,0.01459093744341042,-0.08012840112755736,-0.03818683875437165,1.0160157888132706,0.40930920266681914,1.1975651416292146,-0.3506099310034313,0.2851055772275502,0.9626153981712352,-0.346055618792599,-0.23487244453965295,0.8549597796369603,0.18934821985989758,0.837064074398984,0.3470045467771008,-0.12392530246700233,0.010527665806652011,-0.02118219728785798,-0.003938473840467371,-0.008486362210310534,0.08503273496245917
Switzerland,4.044938345623033,-4.122979771263691,1.5201455511503317,0.45383420017954573,-0.7424719377439033,-0.4376794820950548,1.5240048383804594,0.08980592879696411,-0.04859277088588884,-0.010230835145565418,0.8914435176582002,2.0207753536779323,0.04238999156954056,-0.6652395360022372,0.10464153455236437,0.1117870356409991,0.8746633685178338,0.1489068544750674,0.2745330112051294,0.04913210970683818,0.18715592820763594,0.010293475514785272,-0.04480782079546303
Channel Islands,-0.6712582544834252,-0.5847876848289776,0.26027842670948803,0.1276496885881509,-0.1349595087334676,0.03135948526363748,-0.07998655389483704,-0.0006499850976612753,-0.06699428046726112,0.25472862335670693,-0.06122495294802069,-0.1640716476633697,-0.016325468402286648,0.030993239776841625,0.0659187724167065,0.04625684409986712,-0.0030828411575707787,0.11941165309452391,-0.020281634469387574,-0.12983461637524774,0.01891383003164324,-0.015107283271210154,-0.07913366056898591
Chile,-0.560796495252729,-0.9199162031401448,1.2334658707392137,-1.0862410339336086,0.8430374875683866,0.7930909513076242,-0.3967220156191366,0.9717434186353782,-0.6985306551703687,-0.13871011706082803,-1.4047839755963887,-0.09089904156208123,0.2536445042788109,-0.5751121224712371,-0.29870034983081767,-0.2496888045714277,0.21634128263257296,0.15946699017437932,0.4438480310084033,-0.17011787824502542,-0.19269436463151945,0.08999654353506192,-0.02454927789393927
China,-0.8804765310961847,-1.0555523522411718,0.39903598160436865,1.1404363325013964,1.0744151508987023,0.45680941176456624,-0.40876408981839163,0.4204583563003745,1.2546912343353624,0.3643434658819277,-0.5933882839448524,0.7264751019434188,-0.3258349155209333,-0.19534875377686992,-0.1626974490748484,0.06769756197059085,0.35441284380725574,0.03207535637216522,-0.18005439090256642,0.03804286953799689,0.0028956001956678503,0.03358663731484654,0.0008213451179023625
Cameroon,-2.8872104435252277,1.010470618967245,-0.1451510745903981,1.0861729951129433,1.3924677452521026,0.4792423168963434,-0.062312065852774115,-0.2227725418527288,-0.0011964674659457545,-0.3059870518581212,0.018458323610867494,-0.03918452952408801,0.11253550851056808,0.17728527703878674,0.08208625714552933,0.18623057853347894,0.33643818624440697,-0.13239735426214425,-0.13880878091423973,0.006170916943922533,0.20550887985193503,-0.10144396403432496,-0.0006824622964012584
"Congo, Dem. Rep.",-2.93648733403242,1.1054135709905428,-0.7081453855266064,1.4494493908553583,0.9162731446518299,0.37248510019220826,-0.016131530495162968,-0.5210822171105175,0.5903641337702455,0.4239369859084628,0.06391916230273303,-0.04544101744777585,0.33896260843622705,0.3993674363979046,0.4008850887383513,0.2010077660922336,0.4583237667264319,-0.2294965874243209,-0.13868552967891315,-0.09747536080107512,-0.13734787044764118,0.09579375544482006,0.004766225333661169
"Congo, Rep.",-3.19200246257208,1.2248784616756356,0.006829505280808214,0.3000658444504279,1.5247930356495096,-0.7675629073475282,0.1406291771564993,0.015506303741149655,-0.6890101098606473,-0.5456489770101475,0.46959150986294396,-0.5244123820219897,0.37249609018759144,0.3448405432973927,0.46123778083764116,0.390488558799586,0.395802123248708,-0.06858604430389395,-0.05786272674926771,-0.06057811752341092,0.003508094024476247,-0.009225491045149045,0.0036267345178815115
Colombia,-1.562914208087252,0.2704464618673726,1.043897913106355,-1.3673636595130136,1.5253824926430881,0.7351089426522285,0.01697065765113769,1.0353846676874303,-0.24626465975805953,0.1758496911106487,-0.6608099838425183,-0.06492224848220957,-0.00868852538044751,0.216299086019602,-0.10539427199452851,-0.0005450672353532154,-0.04552866160447791,0.032565767917629634,0.09205758384562487,-0.15419359143654016,-0.05588938918363488,0.049797037869360586,0.014534327673684608
Comoros,-3.1911346070581077,0.9555070677205908,0.6515626413804841,0.04016244217674267,1.7547948088387648,-0.4773530475209822,0.5183206970586076,-0.3694552929137275,-0.8801108089963644,-0.42529931654081704,0.4176032774128988,0.6528466774478784,-0.004745538133128128,-0.32286332809699686,-0.05924004917847283,0.2753211525071594,0.10725482047567673,0.17043975838888392,0.4358025494236471,-0.07688141946528924,-0.14247764214916525,0.06179229854733101,0.028609087055956755
Cabo Verde,-1.9578312709565238,0.21078699732115488,0.5610178862043727,-0.33471462530054646,0.7243461238598988,-0.09817354049153493,-0.05616280718152029,-0.2935047442074766,-0.8225149273712161,0.0788547747645629,0.10534253282508721,0.0914614040859067,-0.527199749432752,0.129666175152876,-0.051431890420476176,-0.11940823482235964,0.11446521797979577,0.12471212752807231,0.09350328909154586,-0.05681107925123222,-0.023768306314219945,-0.019522745044500033,-0.0027413231437568475
Costa Rica,-0.5219723807785287,-0.2711136181482767,0.9569259499989368,-1.1688072584677216,0.9119413465599325,-1.467138098472904,0.07157940183516387,2.509378472994622,2.165937874789718,-0.2700228515089071,0.08436122757737669,0.20460819314309664,0.10557302149393939,-0.4933041272956342,-0.3558995416557978,-0.29987262449461116,-0.10958953922018529,-0.22886611838127963,-0.10652049751763051,0.07544369210100525,0.20590057516811458,-0.06919863280880649,0.022960887144694388
Curacao,-0.46139171532926526,-1.1590942657937993,0.7903958387806761,0.10576661639180505,-0.18981046207833835,0.48928723950900244,0.184444430788573,-0.3003923182310262,0.11039726115492952,-0.005942865368892636,1.370866682563274,-0.02874307802204019,0.5836671817779129,0.3879446149618962,0.9278679567826502,0.14945270199868926,-0.0168580679838828,0.0933722418569793,-0.007024677271278611,0.16827947841971172,0.05780367498636381,0.13700147783185634,0.05201236841397866
Cayman Islands,1.58554557598168,-0.5586211360353522,-1.1675534021608285,-1.511923703117001,0.3585042746608905,0.9828964393996957,-0.29378154634557424,0.2068004030135327,0.5979464702303258,-0.8348266978485868,0.0848723274336185,0.13330838153605792,-2.0787970577976274,-1.7544855623376292,3.0432022490083313,0.7932285031740145,-0.4316028647234096,-0.5441783989875598,0.10006776411420698,0.06509595020290168,-0.017197147744501026,0.11529733332617188,-0.09987930943143392
Cyprus,1.9737793893159599,-0.6600403409332277,-0.4223486915944449,-1.626847370786227,-1.4002822999684688,-0.3475073799205194,1.1797015079642068,0.7607821712615139,-1.3845320081507082,1.078400953130652,0.3743741513356444,1.096557019880545,-0.458594929329384,-0.09698207226985829,0.20769792075287632,-0.08952855372784255,-0.41736417791445585,0.1790642453065633,0.21723117882203966,0.022855992583618895,-0.042045345060369464,-0.09280680561124671,-0.0746732429025206
Czech Republic,2.32530903913193,-1.6688786635292816,-0.7460634981195564,0.6702836591574954,-1.5394543639982028,-0.3153243474240885,-1.163597074078843,-0.39869128778102986,0.4926255714863106,-0.406396339318426,-0.6563299544169864,-0.0882663059977244,-0.4394602514675165,-0.030203145687567764,0.3783872736263763,-0.15320169575046133,0.01782473171969811,0.08723729765547256,0.10451971217846608,-0.1043167636576711,0.013787184977439906,-0.017814264704782326,-0.032867789697113244
Germany,2.1789054098452234,-3.090366545078998,1.0949584314354226,-0.07655107054341621,-1.9885811013056889,-0.12626336276861821,-0.28677108959309144,0.07070131917240717,0.02600479411401474,-0.2593545194077047,0.0008852825961770652,1.2232602170831406,-0.44721534578488653,-0.7709585138321081,-0.028708407296626662,0.15740603106945827,0.4035928217462387,0.25801101381928104,0.12857152016666107,0.11554129547235574,0.08108911158951367,0.018368517641165514,0.012002294964879394
Dominica,-0.2058071162617674,0.044000162286281154,0.6043955472386712,-0.7179598239394517,-0.8429883453050551,-0.17516571506091913,-0.8098916274031174,-0.4345360238823472,0.8276241581739984,-0.6563710279567988,-0.006976992030990683,-0.5631278762093657,-0.44381950067340925,-0.19645167976258288,-0.7398768115702405,0.13819183829348028,-0.21336986129248955,0.02091018866324085,-0.0811554140213537,0.03829056725876617,-0.03596708002921643,-0.10513437446233959,-0.008507412437110107
Denmark,4.554650770147116,-3.4558690816034816,0.31234463637744736,-0.311142789982709,-0.3129248590307796,-1.7004360360193045,-0.8454452554418795,0.22001564670557117,-1.2814111177478282,-0.31340554973618445,0.666220072280571,0.340057714711593,-0.16296853420794943,-0.43264516388120894,0.507544141500826,-0.05081631808839781,-0.45292478190546165,0.07838218678616429,-0.06045280448307181,0.06959463372632868,-0.2173387542367696,0.0785405984577445,-0.011111903696824377
Dominican Republic,-1.4955492370103192,0.7110509694145388,0.24534925256120063,-0.9942135752058155,0.5709309674618269,1.2847647234554609,-0.170142288332649,-0.3951449793831989,0.4569183198589255,0.8638159553544293,-0.9738407745200505,-0.026241585320053072,0.012434675237004304,0.15969066216985486,-0.009762260401565758,-0.3823721398772218,-0.10680723800921553,-0.14504217589353685,0.12112823519028186,-0.14055669724975273,-0.036437249742318434,-0.024146435382125367,0.00031920453799616434
Algeria,-1.871011501980183,0.5488892524376964,-0.19770327684847916,0.010885863235464558,-0.702571594726022,0.29693950636661,0.4431104371693044,0.11041475320938436,-0.795567744250911,0.46739757915825664,-0.23810090080192592,0.1674994846349812,0.16235484759477803,-0.02394441604930517,0.050308135092399536,0.008525527398429489,-0.22112762577641687,0.07020440830776538,-0.03223398453401556,0.09422312494156464,0.3017033976047145,-0.19653575393312117,0.010233806497744732
Ecuador,-1.7043595855207883,0.16677285024667188,0.34937241787085227,0.0915260449651362,0.6821409345891408,0.8837499411728641,0.09522137454719495,1.0526140507754564,-0.37604114921882686,-0.13142207024989397,-0.43016080415033253,-0.25193831774138176,-0.04366175398935337,0.24003274702531147,0.038109464740970156,0.050054739471215394,-0.08061515237718782,0.025386702931463813,-0.11654517202054583,-0.04268232712968557,0.023910115594522215,-0.010947859375750634,0.0054813063141423615
"Egypt, Arab Rep.",-1.06974825774007,0.73600412581417,-0.41430300234576145,-0.3742054039882223,-0.45974496801362374,0.7665552807908185,0.7430248660082793,0.32038866273440836,-0.7839613807049917,1.236352905162038,-0.14147501583153457,0.20715709294030535,-0.2912379598102873,0.3604316049507331,-0.07453468214723206,-0.12001476414072086,-0.06432596133671065,-0.08783588532627906,0.0014398410586320366,-0.04113066840661125,-0.46582545228733946,0.18172564409263847,0.05024830183298727
Eritrea,-2.5288629007137917,0.47205572498865894,-0.6302269150424752,1.8609219569403224,0.2639824110503469,-0.3409577943746845,0.6464757168108558,-0.4466871513671355,0.8692074511452099,0.6623159627814914,0.24694840722445208,1.0934451956861193,0.04522833674830425,-0.2247965775352923,-0.006808223017517475,0.11410825408009592,0.23065925635978096,-0.03551867917766296,-0.12133025352825572,0.038304442552896195,-0.08211373910795994,0.05959808648170259,0.008950922045654392
Spain,1.3282706975253036,-1.6784273144929178,0.7678897741526974,-2.255569298757922,-0.35871068981413906,0.01770645544317525,-0.4596317415741615,-0.6352153521628634,-0.38037435536922426,2.432749912295592,-1.1982614293424523,0.4904500875160038,0.45636795967300225,0.0603567358679223,0.3152846561669173,0.043373688618867354,0.39429940685694087,0.054545436050553085,-0.21522430292589237,0.0033089749649228644,0.10612619002030214,-0.01706933767705342,-0.015177008005716358
Estonia,3.9670583033004885,-0.4672885485508113,-1.0046607608162452,-0.2405359512884794,0.6001841781097651,0.09026807170288699,-0.766990022666325,0.24594161973022774,-0.3633813548123071,-0.29784983624536215,-0.2957351539264166,0.01916336584836945,0.2255574674995907,0.811297579897471,-1.18325270287349,0.25367102860766577,0.17771259506035053,0.3262009405094728,-0.2126741572123464,-0.4168913391120734,0.09537786862131716,-0.006164805348863667,0.15029482769103936
Ethiopia,-2.3283163763541492,0.49193948788366165,-0.8210267451042295,1.5729199816025496,-1.2941324101408456,-0.8361576728193574,0.07045550275833867,-0.8111598586295329,-0.2324307049046571,-0.2598248784698536,0.4525609450637828,0.2711974957047768,-0.004994483225597512,-0.1902315345838412,0.16611903529555802,-0.007313368273844974,-0.23914324726630337,0.040774248328871804,-0.14958640607984733,0.09888917622311005,0.03597831719427324,-0.026771669853497708,0.00989079525943505
Finland,3.9119076112359523,-2.594106219911762,0.4599186851591808,-0.3763456775566079,-1.8200441922009996,-0.8989052812058952,-0.37752022827052206,0.2316352460173226,-1.4797399698623692,0.2793071349595252,-0.034586321167475356,0.333156701075966,0.06862394404848894,-0.3133756996916112,-0.26283081409068276,-0.14809231643070536,0.07605704222488409,0.012496014927588724,0.2994035195295343,-0.16878570753020697,-0.06032103199056097,-0.00711927271801075,-0.04054318129831153
Fiji,-1.7246211128736009,0.24152020875094224,0.31631781865929715,-0.12243875049671304,-0.37971831218062274,0.33133475658850847,-0.14245792609243157,-0.26251530153555525,-0.2352810053763757,-0.09097174945660798,-0.48678630012689705,0.0048109554242380765,-0.17149465257304822,-0.2544363962964755,-0.3176654577799991,-0.4575724164192829,-0.045979248933824934,-0.01617441306167925,0.11530708826803786,-0.08806883239889195,0.05937216329201866,-0.0862697784104835,-0.03812592678345415
France,2.4458678696853546,-3.468711636601243,1.0409806587058357,-0.12044238984991829,-0.7821691782479151,-0.8914494978777803,-0.17601534846056047,0.6279384326368078,0.2662053742000923,0.9544910951162268,0.1298383417002415,1.4100159033765554,-0.3858875938905887,-0.3718387853174144,0.20144202759566612,0.45242476147671845,0.1914257556412116,0.4047823732268987,0.1774104051857177,0.062037072200477064,-0.014690139214352423,0.06034113124428698,0.029422068023462325
Faroe Islands,14.523916376706204,16.729729605920255,11.419006408516974,4.840035422735348,-1.2640514217407162,-1.2837526322166977,-0.8316930660379489,0.44571630493453146,-0.1943688241345389,0.5361980048244501,-1.0857067247472196,0.2607233987905327,-0.03307030669186424,0.34718189004428995,0.8282502941078217,-0.18025683841440873,0.04265321416635003,0.049390219460615066,0.011433970709515023,0.10033992644104285,-0.05911865508438978,0.01964177547483853,-0.0035558153834338085
Gabon,-2.378715334547782,0.7494096467274087,0.06032219669881324,-1.031421360545761,-0.4518711015129171,-0.5225327088149541,0.08870877112202687,-1.3483584161602047,0.3470762054680674,1.1272082618462151,-0.5727671122713349,0.28559581787735094,0.7531382570267044,-0.19878767031173136,0.24874069168378413,-0.44968040642029655,-0.21997131283607188,-0.0393661188859145,-0.06037681441050318,0.03096172850869004,0.1580239771257493,-0.07058085650683338,-0.008575904265863594
United Kingdom,2.7850606591479967,-2.5064842210817737,0.8889083582665432,-0.36252988946460285,-0.9708052251154161,-0.07338129088683076,-0.11269095087740709,0.6538054214754322,0.17645387319698547,0.0014912305380712656,0.6657973866708662,0.6430740206554298,-0.49175561830221526,-0.4208825240041045,-0.11738219980208534,0.4746514894479798,0.36586255595802286,0.2748984371433544,0.01119400590253615,0.18388822048402864,-0.013956268137448671,0.010966092821387129,0.008731264370468218
Georgia,1.0467205569462896,1.5344838369047595,-2.387629202567163,-0.30509278398566747,1.886361229021507,1.5460678812694097,0.3882309680826793,0.35698952731083994,-0.28921876069861985,1.0141705181415268,-0.39231086033277096,0.3724573267290127,-0.5560429574248417,-0.02425499514733414,1.4388742893065507,0.04849406279475504,-0.1549135355476999,-0.41692420830068777,-0.21002415375986008,-0.04967123837437538,-0.20620527551246812,-0.08999779644554794,-0.0195995963485077
Ghana,-2.5396562359703605,0.5481768866599035,0.20118262696625214,0.5474055081541294,0.10152582322659574,-0.6133977236648638,0.5633163565241346,0.48546978623924597,-0.7613034227536538,-0.788113054572219,0.4212837586159495,0.1238493353382472,-0.13561747476203556,-0.25355474351628343,-0.0887026894389966,0.12460809661311571,0.040016905832340584,0.08616664172305631,-0.31186475231972866,0.12505902513592246,0.12167931624515105,-0.0695968400484626,-0.0068496356393376485
Gibraltar,2.9055717456859873,0.38020653278193617,-1.9459144788918605,-1.353225191816704,0.5896304663291169,-0.30376097847969197,0.18124289085222203,0.013265276802687144,0.18785830536488993,-3.255117643207269,-1.1222071093076949,3.5151984163411623,1.7244148784767956,4.8045358902378,-0.04220118362959743,-0.0433934141936596,-0.005968789732495959,0.6845325604411427,0.00607456551730043,0.19074663012001722,0.09151971936096787,0.007262550468381983,-0.19886699077744763
Guinea,-2.62457811593611,0.7342377527993242,-0.8232344294647583,1.7892943379961488,-1.387540577080097,0.04903254604548382,0.6730033211026216,0.013988465485096432,-0.3126949081571465,-0.3516944791252887,0.22265333298689008,0.5991481809885316,0.14656827221206353,-0.3139618653471814,0.015977779458287877,0.15687257245464295,-0.06336721032910107,-0.0004922609678656985,-0.25498821107882447,0.07902970336728445,-0.04712371992039705,0.0247542942943475,0.0070825317477124115
"Gambia, The",-3.128690804186567,1.160201908033869,0.28583755514544484,0.3045902831481181,0.35008772486647904,0.7275721421677143,0.8769172408231073,-0.44681710506669003,-0.21370595974675236,-0.10191879078475627,0.11326570155191433,0.8286924017767453,-0.29473567791035915,-0.07711861670058354,-0.15146688971856498,0.13880832606743115,-0.09561337897831902,0.06686698355381308,-0.11731094958135876,-0.0015142655989114082,-0.061869982100231424,0.024947036133704744,0.02953754642703176
Equatorial Guinea,-1.7304778355663226,0.005692614626087836,-0.4359073330797169,1.0565720946491228,0.10103522912970932,0.2560886566607636,0.24106270843526822,-0.5098495266229676,0.1212523775244768,0.4983276707312776,-0.6322862346335132,0.6408836677568716,0.5510609044891248,-0.32159688015319277,-0.09006450549136093,-0.4579151921783584,0.19067007108902073,-0.04493458131313338,-0.025206114814559793,0.046590714831883755,-0.01776587057267683,0.010642345302426264,-0.013241312352966241
Greece,1.3952528226603018,-0.3291554847107046,-0.04828844774131396,-2.865536590641002,-0.3978400522959631,0.4131354258060978,-0.38025159734647523,0.20112494007156995,0.3545230611493458,2.2920098788693206,-1.8858514806709203,0.056635978445311534,1.3631765428833786,0.005606816702524795,0.42313937143229013,0.2112098735698584,-0.09054615125891921,-0.22546117794301165,-0.2912778988731544,-0.09514889672157117,0.014247566766719892,-0.012374446532782359,-0.024086305461185054
Grenada,-0.46629287524850127,-0.48369450022625304,-0.0025116247798471626,0.10610461625379812,-0.06633011385000898,0.17531553983970263,-0.3573177554865104,0.11388149670585125,0.1634113165199118,0.36957173367858603,-0.4705429488784874,-0.03159454250199855,0.24468031865626547,-0.2387553669422565,-0.13810813466034513,0.4138617433703378,-0.09695987382243453,0.41035357739983674,0.061777933952041085,0.3563225921603472,0.08157881805226454,-0.18263510655104967,0.05488255103707851
Greenland,-0.4073830867191993,-0.9396885064433008,0.6717736897171656,-0.14717034705858295,-0.3008137696227697,0.4503512586229664,-0.30379489679146804,-0.09705143358394022,-0.34564654944186524,0.12780506807264014,-0.2586401617456178,-0.3189052378604993,-0.5281861210676047,0.4150586618191289,0.3329695705548461,0.026595431774498995,-0.04512533523682891,0.11499678638144015,0.024737284231544393,-0.014698658561211489,-0.2342360706593908,-0.1114422933157212,0.012666567870044632
Guatemala,-2.8295778101736837,0.7519924968222275,0.6961970846643767,0.284732714964238,0.44472703311240763,0.6124397799181923,0.11144697216686737,-0.33445046834517217,0.4085871561645229,-1.0461830714449392,-0.15211050651201366,0.7641357749580233,-0.1509303119666374,-0.5207521044937715,-0.40811901572910014,-0.043044020428273766,-0.05789725633154208,0.01997837730548895,-0.14500355015668934,0.009567034502620163,0.04119157953444727,-0.00802445808916881,0.012159743006671601
Guam,-0.5568129245270502,-0.7165440063443804,0.4211198542554775,-0.04283187153507593,-0.16810570596516583,0.22772790370223014,-0.14008996247565664,0.15226851592551324,-0.10655629163653749,0.3269366539980039,-0.12888902533977295,-0.5412682509940578,-0.707780125210928,0.21337158319497765,-0.26152745530287524,-0.9080523047373515,0.1621157702281931,0.033878519804596496,0.024158088615783686,0.13123544956895025,-0.004116658417154026,-0.09122190026726644,0.0066987584254846145
Guyana,-2.2059328079291776,0.840388188269797,0.3731933670311341,-0.5226467288948097,0.22969792113969906,0.781091959758471,0.46403945797910423,-0.4324351310163837,-0.15904748992349504,0.2346297707398989,0.015017170742882684,0.6742733493143956,-0.388706550512854,0.42398214049523536,-0.11647937240829616,0.03556274258892666,-0.09085896319491958,0.06126469624411031,-0.4134729423645134,0.04211206774308068,-0.007783241234140456,0.02766862248306947,0.08899008888499868
"Hong Kong SAR, China",3.8193836867259496,-3.9227369919515733,-0.4104744098510209,3.512078545632151,5.4687875421391325,-1.8228831365583633,-3.3676997415245555,-3.095731153280707,-1.520037680422119,0.43951406559589606,0.05475301470199642,-0.4022504566485093,0.1579904533731732,0.04867084061043892,0.45186224016599297,-0.28661490150207647,-0.6466049255708144,0.08680999603131444,0.027904258652029956,0.16461388827001408,0.31472559133338424,-0.14484861653693434,-0.07927255700287267
Honduras,-3.2224969325932578,1.1781167054201742,0.7574136621392783,-0.3664890648757349,1.0120932199160297,-0.23704095258193048,-0.19718492881450667,0.2215640659362692,-0.1389163271995139,-1.3621528456002887,0.15287773951442477,-0.43154491795617167,0.22874726322437902,-0.12054137815636033,0.0633592701098609,0.17492092516116328,0.10397664831002072,-0.1031619048109466,-0.2970083195300437,-0.04830242127718759,-0.0579089032670983,0.05858949138773925,-0.005191649075528163
Croatia,3.0182885868679667,1.4457241326739994,-1.5111755727508727,-1.9762896970373178,-0.6015174417068949,0.26359365269468715,-0.3823761515583799,-0.2564493858095962,0.8983891839342968,-0.23646782792084625,-0.6482285854981896,0.12662529401572803,0.4581362693482166,0.4522613665952881,-0.3969659252529521,-0.020219495813404726,0.04892890948525932,-0.0915488014551842,-0.36482650636578545,0.12708955515500503,-0.15856016557607472,-0.06577808972229993,0.020766400917578382
Haiti,-3.4149186306369956,1.122669205000119,1.0727157334777768,-0.34804283503774286,2.51004233089286,1.3574485193345254,0.3604710398256236,-0.1692565737639211,0.04445732052295783,-0.056919634606180686,-1.0458214231800664,1.365220331750171,0.5154308674229475,-0.9327405724086564,-0.5945053784539055,-0.04581849351588184,-0.13496669306261008,0.054902536548276475,0.042184376147750335,-0.051949749645503904,-0.145430655498951,0.10561982234485714,-0.015483710940971805
Hungary,1.744508125343416,-1.0240867410541976,-0.6792688871250376,0.064282133882964,-0.6212439402290112,-0.34561510394220063,-1.0265861582441,-0.3583662306939323,0.6207448616839824,-0.6510451206679566,-0.4990617908868158,-0.09053185333922253,-0.3845943238237088,0.5493512819426128,0.26777597759394905,0.13129582646065135,0.7516216020772051,-0.12234006931205164,-0.0676916870479927,-0.23471453788544305,-0.029844334241856608,-0.07197839143832438,0.03361280266530582
Indonesia,-2.374478159177682,0.8645239946107312,-0.5721546361913594,0.8735506233450374,-0.7102294009220148,0.1818886471017898,-0.3922021399144713,-0.42923925804464225,0.735296865066957,-0.44554363401148334,-0.3819146981269248,-0.527542072688311,0.47231328400762046,-0.05057005777560036,0.1366435258999,-0.18732584245382458,0.02576755052364879,-0.1111937085208131,0.22209129534249003,-0.1525678529570795,0.0004692304500660354,-0.008294614812317342,-0.014033451989487841
Isle of Man,-0.2517648090707051,-0.2118185968712306,0.053533338368696885,0.00043480889852342305,-0.056625170166316435,0.10438886170287484,-0.05719093935142077,-0.030408306642372627,0.05800867382244013,0.22911560554842983,0.19236919537956085,-0.33883348100077676,0.07426215070833896,-0.16750553144430955,-0.34392889739491694,0.2150924461641471,0.042214230689760185,0.45651238219686113,-0.006517237666323338,0.33595756233158325,-0.27417175551678663,-0.2615345792674353,-0.020959512873645034
India,-1.2324512511724157,1.3018735559745693,-1.5091553125793438,1.5560119455159447,-0.7362833172728059,0.3498894146192206,0.20049332772150869,0.4565605920956754,0.016891840305531446,-0.1968506420760707,0.16343018645261845,-0.6873697825618897,0.2950362628099005,0.26625928616145544,-0.03443312665698897,0.09850149370407865,-0.029570987595639066,-0.13030844126896762,0.29663422299361164,-0.09245543559835336,0.08564651961141997,-0.07153739365442822,-0.03826931010879224
Ireland,4.482276687855733,-3.160824960492058,0.7953564998561221,-0.2888068845744063,0.592995704612375,-2.3431834117114163,9.151883297971283,-2.1768522246217876,1.7930994200407986,-1.2758448254939414,-3.162070170964454,-2.938865076759991,0.10766637681518199,0.3014489009552116,0.30305138240996754,0.13513614020652603,-0.00905708182090541,0.5092835425004073,-0.04177541253177267,0.10060152423067815,-0.08819221003622128,-0.02573645229024312,-0.04099208138397217
Iceland,5.502976321286905,-2.876701966577639,0.22183391719485962,0.7545828808174962,-0.1826443168712102,-1.4260611926531364,-0.8655650352071131,-0.00017548310019591045,-0.832156115616053,0.2292485012994896,0.9290993128630161,-0.29218253300393826,0.17257186009630068,-0.39864824924306186,-1.4044763030610952,0.17407657818938954,-0.7547537176454053,-0.14041827896258016,-0.015079852712933741,0.08497597291053169,-0.32149317111816583,0.06368293419673744,0.004800068888382456
Israel,1.5711466121100155,-0.9279532289145992,0.6820819409388419,-0.9677009828009019,1.1213288420025669,0.5149447753608151,-0.07548720137153565,1.4933585789902397,-0.22548558971054092,-0.28644862390220843,0.03697316276267164,-0.13141613050151618,0.04347757202097046,-0.3031991864740715,0.44699117311857045,0.43418866633430486,0.8100003010528409,-0.4988202881468489,-0.014548876380343134,0.10119792700486303,0.16960363429988917,-0.1422528879968581,-0.018453093977213474
Italy,0.28300926475674465,-1.2739866000474802,0.93559095096308,-1.1561701355871472,-1.356155396831317,0.2885376183006237,-0.09079361312932376,-0.4112179249336539,0.07012311484490329,0.3580151001580771,-0.491270966162729,0.8502070002977535,0.23014896291703074,-0.5075287517866394,0.004534278614379618,-0.06550953618804764,-0.16349099311551044,0.09794482766100228,-0.4486700130194193,0.13457249104167582,0.06443467901150056,0.031891967066895725,-0.0046064881394289265
Jamaica,-0.7466330947871049,1.6370305514770587,0.4501383790120295,-1.5861882225983264,-0.14507994192887302,-0.6926854027444945,-0.22546418124221085,-0.844829721568124,0.16906845683634142,-0.5294439874553134,0.5212307570480761,-0.2987736967104278,-0.03812692448122223,-0.2177481565165242,-0.9554394220322224,0.13442781146695354,-0.1464623106725085,-0.2270277006986601,0.0259216755719966,0.09881444354678605,-0.0767411444371199,-0.04305369585666341,0.011433545012069512
Jordan,-0.7959493541552908,0.2783447305989393,-0.34065531966213725,-0.3124799994018134,-0.26110997344452763,0.5828750850040586,0.7197786266865673,0.9819612013560697,-1.408377920225079,1.1670772584448992,-0.16037043223424852,-0.079399792285631,-0.26186137519913233,0.46052937325642723,-0.01403481470610943,-0.12507457922192622,-0.15587837225608006,0.025419746683582198,0.06186888171263099,0.03796306069055342,0.006560991818134923,-0.08441193908103209,0.02950949722262281
Japan,1.6381898493118927,-2.814105767591125,0.19809013259717168,1.3372006092295359,0.42830845931994543,0.8685587456438045,-0.7655499263332249,0.8286677033512428,-0.42875343926969883,0.7434323459478046,-0.3300806255170344,-0.5607652350489201,-0.45426715359912434,0.6311375595388119,0.5271632513703356,-0.0924794077593176,-0.7155360816670651,0.27121312091718025,-0.32081554899987325,0.11002489798681364,-0.16283841501477173,0.17765860143608084,0.004873966994288325
Kazakhstan,0.7952382552769628,-1.5521941211109465,-1.2990089491009298,2.3237139624394727,-1.110506558452972,-0.2380560525024328,-0.6598579989190799,1.2542358011175851,1.854669442162469,0.654997090934552,-0.4346156823491068,-0.44798356387353516,-0.2564257540669748,0.635952967382486,0.13773449064901636,-0.6402216614191558,-0.3114577787815106,0.027161803081963736,0.1670739184810444,-0.00943563707444669,0.1921758936949616,-0.11000162605503097,0.046694076570717204
Kenya,-1.7348972372802078,0.5090731965070716,0.595089166720549,-0.833029424166972,0.6649318646827534,-0.173627207293791,0.027242027964845743,0.3659974714426751,-0.6290428563005709,-0.004374956119749696,-0.20192184282901934,-0.09571965269131275,-0.20170339864558998,-0.1841165290291504,-0.46302040700855857,-0.35167512243407467,-0.1386490143767465,0.06409146854327095,0.05024138626117417,-0.07240595051161512,-0.012494512784715153,0.004580494575881235,-0.03613413470453046
Kyrgyz Republic,-0.7258520895797449,0.2612296320642439,-1.8466386197620193,1.0608794399443118,-1.897781338552597,-1.2776693052479118,-0.5980561566354651,0.0973925558939319,-0.5683782456288113,0.019190770703132288,-0.10959627901233833,-1.4459214507191196,0.42037216886944295,0.28941142413526943,0.8279186294986254,-0.3185533052155873,-0.07779159546937794,-0.08868692704712891,0.24899123779841914,-0.16167886892974256,-0.04759273776483652,-0.05908464414997605,-0.028105002026947126
Cambodia,-1.869919039939423,0.5428427721480256,-1.592256004440423,2.5286124146126054,-1.3219664290968287,0.8492441725500933,-0.26348544589329365,-0.33779125561532447,-0.33971804775704345,-0.2874072278795549,-0.7752420267759863,-0.5987359165931698,0.6117744509313154,-0.17630804510957612,0.15262600552640543,-0.13307188506850687,-0.21838092387338956,-0.07306029233113942,0.1587016949653951,-0.02735368647862573,0.05648643134433243,-0.0752076049001496,-0.031875164028642475
Kiribati,-1.9429997074247496,0.14237878236753393,-0.011890613165616721,-0.6205782418652713,-0.524917192900485,-3.2390480405060504,0.08659866457195166,0.827530371492482,-2.292668308308083,-0.4890309818640367,0.7339252678607475,-1.0704794512943014,0.5819625882024009,-0.17941967585248952,0.5996232924271075,0.13508991949258076,0.27589750737328317,0.08372091755507946,-0.28695644551373367,0.09836220078045553,-0.11752128932743615,-0.012921013429327815,-0.053194469494808355
St. Kitts and Nevis,0.5075973743112573,-0.6660153377347376,0.3824284897453933,-0.5755787004077019,-0.2742655329790919,0.7420296932821236,-0.7625944999978131,-0.07392253999432943,-0.6516095879551215,0.09959937513505965,-1.0115968046832642,-0.525823692157902,0.5206576063777945,-0.30482324482749784,-0.2529325400348568,0.6208382775460759,-0.35765731369177456,0.15027582606704673,0.20700692401857945,0.4228884596927722,0.34115590991370404,-0.1786223466132259,0.1349913526386239
"Korea, Rep.",1.4626773948254574,-3.0989260715149785,0.6297653116415458,0.965387244987384,1.3861317913131783,-0.41313218988457345,-1.5700579045088199,0.8298829025540385,0.39416399729750723,0.16831615110093484,-1.1591668176360417,-0.3331742470992904,0.7510615446782928,-0.3206680459817616,0.5744830528764744,0.5120033027992763,-0.6865103433272712,0.3811954665240936,0.1131498231070593,0.23142483119148088,0.5977529464784624,-0.2559278501486606,-0.01043444599618325
Kuwait,-0.7733448847924764,-0.7043756980873662,0.8272332831678629,0.17740660097509667,-0.6027297310147613,1.1039300426394425,-0.2920025689628363,-0.5428572310567211,-0.11855788915466849,-0.9546239658196257,0.2224744717375566,-0.6334185006601133,-1.103224253205022,0.11107333744082432,-0.2628020743078615,-1.224309388993764,-0.05953032929565674,-0.09390925770305691,-0.1264662879001049,0.10999532445355753,0.022222746244367323,0.0025461385302476464,0.00394333071497694
Lao PDR,-2.474050455037094,0.6926350784214613,-0.7929787874429248,1.7395388209350036,-0.3955578101258993,0.04056338632583231,0.20635945589369512,0.42492505938272984,0.12184921124160411,-0.5724692902971313,0.06859759775769807,-0.6324345198974641,0.1997285783273772,0.23869402845042673,0.29743498465527113,0.010941585716208152,-0.04507175404376873,-0.07000953106168602,0.046403754811958894,-0.05679598299720701,-0.040190480919855304,0.004984671806629624,0.006566908330749779
Lebanon,-0.2643876087503176,-0.4941743875849507,0.36158031937234114,-0.04827823723300952,-0.571788167312304,2.0091237717225243,0.1723820437593734,0.6797301387882081,-0.48341266983809933,0.41012748404184485,-0.6465838478868424,0.07635972851096538,-0.7724098900033078,0.4430704376803468,0.045783546288650646,0.49316161751584436,-0.39805454732572876,0.16276671051686964,0.012128336864986967,-0.10762743006877554,-0.12600056438277443,0.03516933976711724,0.04691778550865833
St. Lucia,-1.2075000613963263,0.1869713309290613,0.6744265792346309,-0.3719746630534618,0.10993012890887711,-0.34402279153959925,-0.5798784833596893,-0.9351291509144276,0.42848862950238625,-0.6385799264603963,0.44080179856611906,-0.0010253222216728508,-0.45813550767981664,-0.004820375210518905,-0.29270111955605704,0.5261225616384304,-0.034984337807039606,0.017009507175010027,-0.2408950606062561,0.1402388042486354,0.29175348789636535,0.0055277975809562676,0.0662556775726485
Liechtenstein,2.204129082275742,-2.87571912603561,2.1502480533526023,-0.5612680584990531,-0.18561378539079676,3.3812420452150453,0.281134178640458,-0.8673636350500645,0.976386035488685,-0.18852374801468236,2.8030844705497393,-0.5202567807829254,1.9421053899875536,0.4523170789439794,1.219864770040923,-0.6880794235205165,-0.13465315795415075,-0.17653367364102587,-0.013556349933586242,-0.18865415431752477,0.28856034411137343,0.4295205736665663,-0.1851440615951535
Sri Lanka,-0.34195171371757654,1.5191398315499451,-1.5810399369150494,1.804321623040223,0.7885744190074374,1.5948544279583536,0.9296522009384762,0.25073192303899017,-0.9160005470095808,0.7584995446043796,0.11889636078245643,-0.15123829319816692,0.0561140197500815,0.4169274699617702,-0.583844187369469,0.47594090317509474,0.043744842863195306,-0.4308292962036508,0.36401081034353344,-0.12824955020223236,0.06447250871022854,-0.002656360825358495,-0.011629108861142875
Lesotho,-3.4402940361522574,1.492784766385892,1.4179640553443793,-3.9312637495688993,0.731006342047949,-4.083987764157727,-0.18527852859627764,-0.6578148158274048,-0.8926061467893516,0.18449163252408549,1.497874971916657,-0.5791695238397525,0.38311359494275776,0.37084532115135654,0.802966017704395,0.09148409566822345,0.018674371602922214,0.07547779188215645,-0.19385173727865973,0.013576065961788852,0.127856093596512,-0.057455608723236566,0.023110429685318252
Lithuania,4.1399452888436326,-0.24144974616108056,-1.3578367429589537,0.14105025782389777,2.33479297684748,-1.1024045029186038,-1.950186969090333,-1.3818037814011626,-0.006466135879308804,0.12927758146636542,0.08027519010279596,-0.5117705201258361,-0.1783075033698528,-0.5239100863293765,-0.247082338654118,0.07115774259480735,-0.3663395264501325,0.5328158989271725,-0.5146803573648225,-0.17229411230051933,-0.2010932569735471,0.22218415670595726,-0.014464927084490936
Luxembourg,5.5000013872154385,-3.3266882409065044,2.6705354149499487,0.6504844545701008,0.5262684203709616,-0.010211000298075968,6.02355715851872,-2.569057619544867,-0.7332834955883187,-0.4862502767809529,0.08236906682553453,0.3066390736765557,-0.360279916207694,-0.4809262594527248,-0.3883201249864963,-0.08787698118045714,-0.3922035311275869,-0.7436628112241345,-0.11187328115698436,-0.20371943644078797,0.1744592663046805,-0.004814536889047121,0.08368301736817832
Latvia,3.6166027564531813,-0.41645792362283973,-0.8875420519902438,0.08766288021701184,1.9113467811456597,-0.8518309776693858,-1.7390902872948657,-0.7151632848074922,0.1896861233816153,0.0403421669127259,-0.061504496571220445,-0.6211859243892469,-0.23985195819275024,-0.06708223329829181,-0.4376865603316519,-0.02901545395368613,-0.215591749618085,0.37701573308887426,-0.490830266334011,-0.15596740060812353,-0.1499400106167563,0.15476050653701354,0.05456009718687174
"Macao SAR, China",0.6195071140938575,-2.077247799564985,1.1834987170489448,0.4793765929500069,-0.14442637411812767,2.6946941078350592,-0.13117684636586985,-0.22888108045946984,-0.45921266178007036,-0.5586903958052583,-0.04341944644689447,-0.2860050991993747,1.158994647873422,-0.243170943600678,0.598168591261214,-0.3626579700765685,-0.15133496793199255,-0.012292754344839108,0.08500838347867494,0.13881002732731174,0.14926503659715093,0.10768857608658414,-0.022611085633402212
Morocco,-0.8944662349441046,0.5216652889051429,0.06869664577499225,-0.6045557408145118,-0.6632154239330303,0.0312333731355277,0.21436216350310286,0.2731628740647171,-0.21068377283840745,0.10669563250294957,0.24151440819594344,-0.17831390102756875,-0.7792239102405681,0.3950177535562439,-0.4040724259644154,-0.34784301708808296,-0.025017486007458907,-0.08088000855189051,0.09919088686128724,-0.20952848231290028,-0.06066490339396229,-0.005220216229307211,-0.012884866220127396
Monaco,4.722745348617111,-1.0815649917872747,2.129046391455803,-0.5056450467542161,0.15270595243512877,4.415705306013183,0.5532777597866444,-1.412442547753497,1.716288394329708,-0.1501068378912056,4.10915475696702,-0.865150337879846,3.1714320135565375,-0.536466106592156,-0.09541923988570529,-0.2753366344299721,-0.09991974138117468,0.5846740977874989,-0.23219281222215024,-0.04150265457594966,-0.35045805331248664,-0.5779486730062405,0.13915666785785075
Moldova,2.3881129192395925,1.5830869444414883,-1.8783494469901199,0.8056865359786848,-1.4553511945327928,-0.8661811308994434,-0.2759672247843394,0.7293860104727349,-0.8889314358048535,-0.9584325839096661,0.7250918525276071,-1.3415131162040541,0.15432537601886587,0.5422224031533726,-0.5823718594514851,0.532010176028664,0.05028840077284489,0.17625873932983352,0.1002268586159185,-0.3467776685300527,-0.17109778070504866,-0.10906007420815493,-0.022947371953642395
Madagascar,-2.8652651662612354,0.795041370088202,-0.21241781505159046,1.5314716312220564,0.35855399956138456,0.14876243476307036,-0.01895998412039851,-1.4558249056231263,-0.005654635622776369,-0.5504079200504332,0.11873910331156394,0.9420623784938584,-0.06973367478948558,-0.5060486345677783,-0.22395222051477862,0.13490705730912714,0.18027053756905542,-0.0020237538238526056,-0.15300703290618706,0.03202102134219047,-0.07114820507348706,0.0504637947440048,-0.004042425718632935
Maldives,-0.7341466135154711,0.4532376418210136,-0.2793975668048433,-0.33654817259869774,-0.1687991757605286,-0.11013678105411047,0.013696184807966057,-0.6095438826488221,-0.5918523865101206,0.36987902199969924,0.744292157632959,-0.2360239294762201,-0.9927506508769816,0.06004345201798993,0.22881154748512908,-0.08353313592242022,0.08062836761548157,-0.0027426827141150316,-0.1798010510345161,-0.11217241721725875,0.11580420014515669,-0.19147158949550888,-0.06530278593588015
Mexico,-1.5119855019723032,-0.10811449642319915,0.5456573369290413,0.07380673447954149,1.0296138618039732,0.32117464798018297,-0.01983957059740078,1.3041854877920906,0.07569678189022784,-0.17310717553756247,0.11212595935089349,-0.38372274426482383,-0.3205919106274486,0.4442821054733802,0.1746111646077396,0.09879148946939792,0.06296927570422037,0.07986126225081713,0.28301233536265386,-0.06650739861657526,0.1486130762622811,-0.09804865154382493,0.03398105748550349
"Macedonia, FYR",4.961797063776838,5.0683099197368255,-2.795407273606889,-3.896795805142612,1.6515132852780645,0.6628922794070227,0.1300424689564057,-1.3263115711512214,1.4944432826176386,0.37479644188315486,0.6461428610509924,0.08736915069682717,-0.3803161247134797,-0.13605802670768366,-0.7658494611363096,0.38953919865103914,-0.09420203674594142,-0.8896649052118166,0.3737992900731522,1.0788353572577283,-0.307097294915878,-0.20010019468274032,-0.20737812155755167
Mali,-2.4680056728030606,0.7894910479514607,-0.8837892449933163,1.1571667638277146,-1.5657161885289383,-0.4105838582721686,0.7792044078790531,-0.5351844327543923,-0.5148310842480606,0.29735524332837593,0.36441186871988723,0.29609893510589985,0.05146297111652815,0.06151183924985469,0.2855933972548048,0.11099739235783491,-0.15213848220512835,0.04688604609922375,-0.11986133476440705,0.06772231422917528,0.035162292333915615,-0.041564527437753414,0.021091208883695364
Malta,2.915425779019973,-0.20947294452024603,-0.4975374479634296,-1.0634703551460896,0.47251831613909134,-1.075350717893019,0.31086437351004564,1.205749532922366,2.1835579291558953,-1.7416804578696452,0.4999990324715972,0.0037191680350125225,-0.32881575916931455,-0.13799733099431194,0.3095235390117404,0.6003935741514745,-0.2564952452990505,-0.20365434006257516,-0.05811856092105635,-0.058256626038775815,0.007476513795513369,-0.049678095689028375,0.04558933048907236
Myanmar,-2.566334562845378,0.6670758437061293,-0.46756292286462187,1.6999298743518034,-0.21693004748240496,0.9841395826210798,0.5542661979957131,-0.8590252216859747,-0.22888758813508883,-0.07133831872003593,-0.3194060513992238,0.8090246025640132,-0.0874042348520961,-0.3265708516980171,-0.2037387386567503,0.02506860622980736,-0.21470750654694176,0.06510873799423139,-0.15684617791504668,0.15837955077457583,0.26802002876371533,-0.15953517915614746,0.013907273356811436
Montenegro,2.86875041030654,2.1007729154133843,-2.4525233019531614,-1.9534359624854303,-1.0682373121663582,-0.03120729204258935,-0.1811705003129584,-0.3627463170715062,1.06908751478074,0.10320211251354848,-0.13007014620821175,-0.1501774768055393,-0.15112908649569745,-0.12769559560610289,0.3655348399851495,-0.23613691264263428,-0.05641612528609676,-0.1003119539931508,0.1844870959764639,-0.07365551814968199,0.12438806579274019,0.0642811482082645,-0.08283548584228674
Mongolia,-0.7460007134564061,-0.3200839995390963,-1.276816731031476,1.7349707042937772,-0.3741857242107641,-0.6468854864608392,-0.29995107534313187,1.0817023937865051,-0.0001382874427330343,0.6016947355636688,-0.7136414244782596,-0.5337820047201068,0.9794580900876401,-0.31893269967183185,0.3440443637616766,-0.06241688048831187,-0.18023130591485198,-0.05683525838573005,-0.04331212937028912,-0.052857818251870366,-0.11927311902969455,0.08859680788858,-0.09329144377559945
Mozambique,-2.9412647135046837,1.251223204063078,0.04674593041384356,-1.3771067881069148,0.0400850476796992,-1.6181809683712742,0.7529723278261066,-0.19592392761135197,0.1977228193892748,1.6970952425104355,0.7488916799668106,0.5462291214668256,0.2953824529792282,0.4673038134959589,0.5516015075295579,0.06103058722682509,-0.06847588212287939,0.015334599921011957,-0.004831573642260187,-0.053054331045989334,-0.02741060504988843,0.018477381156865202,0.039428613473153136
Mauritania,-2.1450972697386397,1.045015613030334,-1.0816354251204996,-0.7303091121697265,-1.273850238527672,-0.9872537897751004,0.5737038856687029,-1.7317704001300258,0.7473396722256354,3.420363419228884,0.2680119312496965,0.6864815014927828,0.24289403159843187,0.9151516726205555,0.7610800193222763,-0.20397933844917426,-0.045973912058915024,-0.10608597857674246,-0.18507492164750824,0.005927881813472562,0.09944967983550083,-0.06243091567917003,0.043209956338876594
Mauritius,-0.19176286238931728,0.29675108108794496,-0.6450711648630378,0.2887209537676057,-0.49539275551946316,0.1611386426378676,-0.3934013384122106,-0.2013414120476676,-0.6326589734398514,-0.11558448975456807,0.032411702893325026,-0.7470131945684089,0.10580157207197968,0.41785778792808964,0.07244358043702098,0.4058249560390635,-0.007387075824295985,-0.01708957793581958,0.12365038639072479,-0.06352481438911996,0.08198703806754638,-0.04033232463448258,0.048719728361712865
Malawi,-3.1490332353574066,1.1211678719444018,0.19002682382651093,-0.08940845004852181,-0.07322071552108558,-1.0035224597957204,0.7285960842977032,0.29413715460752193,-0.8423812806841837,-0.361971302715217,0.9543181744846332,0.3304110104267363,-0.046265695677991235,0.01686395289711183,0.21879531232227883,0.2814051539026645,-0.10445585063195316,0.12532909157466263,0.038674818100971974,-0.0025088471154174428,-0.05192360367143642,0.015434281942236713,0.033022467081331525
Malaysia,-0.4910153704528825,-0.8789445789102752,0.861146693414344,0.17296596136523687,1.1497618510943826,-0.44546942311810944,0.4899298761776556,3.2569358250727367,1.4870358051711292,-0.11433612293652258,0.5275432780065384,0.22463148644901174,-0.8565207897706789,0.30089007165838566,-0.40555342596847777,-0.2887916664301541,-0.0873344101591341,0.053635912390122574,-0.24115323051261284,-0.005563172383653107,-0.01839128319901082,0.02941547834820882,0.037824484520545765
Namibia,-3.3891169315609107,1.2545564867906558,1.547778186322983,-2.5914118563725426,1.3791896921160347,-2.0488850886165957,-0.16885659581289458,-0.8704916255671569,-0.03184167445732899,-0.27325544111878414,0.9115280047369855,0.16437318769096612,0.08301759428807454,-0.002601334231135203,0.2572113354829135,-0.04058993419320065,-0.08919928311312869,0.15658558602478237,0.5684540084149247,-0.14537764704425502,0.022225037963768665,-0.02578222532509277,0.04837619622676541
New Caledonia,-0.4598207999261336,-1.171469765196392,1.2422189615835417,-0.7004834568038752,-1.0524877293027848,0.47983913019633856,-0.6307410628869847,-0.21284495541354756,1.1638903309119932,-0.6223974677533212,0.22308415521155314,-0.24706037280826526,0.006348674085336875,0.1476572599794025,0.41668968461535544,-0.238507322943754,-0.05820952494174131,-0.04938638862703698,-0.0270683185821513,-0.020029741130840262,0.12575602655051035,0.06205269849035277,0.030169022120326634
Niger,-2.2511836950153947,-0.09379778796080468,-0.7492799853142192,1.8575372346640073,-1.0391306007959993,-2.7329299524695347,0.9913694967655003,2.7547563555701484,2.789272938668346,0.5206101425455255,1.2812944914798161,0.7659069889294218,0.22713644291975804,-0.16098144486422,0.20971955441901952,-0.06708898240528731,0.007942268395501174,-0.05473876344533171,-0.17725327472989025,0.04989154575768513,-0.0263716926018739,0.05703081481534757,0.013673914698915707
Nigeria,-2.1831163959179953,0.46816100425175233,0.29714253576466343,0.2208299386588159,0.03272623266461709,0.7898276348688505,0.301922632290522,-0.2846208592306471,-0.18935709870393128,0.11227206734370201,0.0785106091972128,0.37814566542709194,-0.8618651452259778,0.23830648727582487,-0.2460544325050195,-0.33831926027989356,-0.06338049164315875,0.052806171257773045,-0.22336454536495084,0.06632027411670045,0.07371103083418296,-0.05245394175233024,0.030175774691848716
Nicaragua,-2.577451881080253,1.0694211479359264,0.056278699658131724,0.04879699347077146,0.5805235608742614,0.3975710106410228,0.0835048345479156,0.4001850448334914,-0.6187651113341867,-0.4511601209461867,-0.4639360410650196,-0.26596222962503696,0.608132068232435,-0.21044338054021233,0.015920286220274863,0.1007730147109375,0.029461142572512325,-0.041149553234664855,0.008747322298183403,-0.09717766105451643,-0.0525504270015211,0.033893832712539956,-0.03531962745326505
Netherlands,4.575359429463683,-3.3335718237715213,0.5110771057860811,0.25650599069606866,-0.681829551750397,-1.1637962117995353,0.9488784444267364,-0.677328004956118,0.054555332500671024,-0.3460996788477033,-0.5961709327886815,0.22704466926235883,-0.2683897070569196,-0.33871281754802807,0.03842401264426159,0.23429378395935435,0.2848332833144461,0.2352377062536583,0.1228186080860226,-0.15555599521506291,-0.08231351478158512,0.018977639974443208,-0.0845241450927161
Norway,6.033062929086372,-2.956985082973307,0.7783125121503854,0.2615290448250085,-1.3220954871952544,-1.2880613870724675,0.21953856299547195,0.544002447279526,-1.1654613366180397,-0.578603321094609,1.2989998633762616,1.7862915777682393,0.5304207591753587,-0.1959965709497652,-1.0576906803938817,-0.4132790627883739,-0.6821999356582669,-0.8658498949716188,-0.09645070968374367,-0.37819051411126275,-0.05834537987327201,-0.09209184495914717,0.0011394869853598615
Nepal,-1.2580035992848697,0.9652519149421495,-1.1663091441874331,1.4502160693211599,-1.3181635966872998,-0.33656969516864943,0.5578910243936637,-0.27993771355274477,-0.7307867491975467,-0.528925755884496,0.505061696423231,-0.030989704008474738,-0.04945503403064702,-0.31820021150370015,-0.33089532501249136,0.14432744118789492,-0.17384287101479867,0.16844442215114264,-0.04947620604014317,-0.013191830571981752,-0.05944827729351717,0.00835876229946288,-0.045262633938204885
New Zealand,2.742209047389403,-0.9697071677023266,0.24906400048222443,-0.9612907820326391,0.4136160774722639,0.48406468749118925,-0.4863126809095819,1.1086658166360328,-0.6181296585818823,-0.48501241277089086,0.046343834190695335,-0.9190704466910816,0.05745582148217859,-0.6025172021522015,0.33279635191139195,0.36959035591621814,0.05964813277738698,-0.173500828444229,0.26157218904547497,0.15031223702792132,-0.057700792707863074,0.023562091106500593,-0.11260689914803446
Oman,-0.995810739997088,-0.5303434191885674,0.816398771866335,-0.4350635471148646,-0.875927056613429,0.05722431890977579,-0.46641208344504465,-0.5701422887207233,0.2730787275595299,-0.7541484118397399,0.055038128840542815,-0.5706037030880236,-0.9590690752873106,0.19723615319536006,-0.20953672724375486,-0.7277616630571901,0.4669257847220271,-0.017473357984437436,0.02441861154742497,0.04626740516116356,0.11996053564173571,-0.0892023316080153,0.017810258745894116
Pakistan,-0.9453918538433452,1.9335083989218356,-2.205310566497688,1.9097288513447563,-1.2979372547382517,1.0265098630160907,0.6478835423875334,-0.06168816724731672,-0.17773884415791857,0.34861750160702026,0.5056856174091516,-0.5504312996751143,0.1563395439296289,0.22547704376175046,-0.11148642416002201,0.4011029060771998,-0.07520844419768917,-0.12388088056159746,0.2517272955519687,-0.02566642350503369,-0.05319933135833736,-0.13182125337152997,-0.0743056595085393
Panama,-1.7379937155222918,0.29332878913861044,0.9880233199182682,-0.42675135430476596,1.3101883635324558,1.5389696155100057,0.3976200112771277,0.6169508346123013,-0.8334276275026038,-0.3065813780108748,-0.3617282545808373,0.41494746748740075,-0.15385907615445063,-0.14739309871034592,-0.3393836914376233,0.016045590388493357,-0.01688502657613589,0.05287803014195608,-0.22073973320690873,0.005127121223135846,0.06110790445437322,0.000512369374379488,-0.01303203010443601
Peru,-1.8843080153545506,0.32319782216521714,0.3104976625189359,0.16298291578074633,0.5524971144951317,1.1211673307320495,0.29650130598605,0.9591342265148721,-0.5437336157100999,-0.08263791037669661,-0.5165818635456937,-0.042525888958711164,0.003158549140139528,0.041762320184665046,-0.06427948567206095,0.03822315426862484,0.15792429632751112,-0.04722351630022296,-0.3108011009618234,-0.02433861118934533,-0.060798202836790306,0.052515411643831264,-0.010214160203293177
Philippines,-0.2793205613341029,0.6526124650913043,-0.8915927706547544,1.1033615119831182,1.258635971217629,0.12982631677036593,1.0826480197061492,3.6477714753459587,2.5056764421389617,1.6546710473415256,0.32659099919497686,-0.019028062928440895,0.3108792924150418,0.24875680538089412,-0.8694610634788513,0.06660413441288221,0.05823807101594597,-0.07636687063827897,0.14790412549575405,0.08761373825833192,-0.10739862764486353,-0.04116363024764895,-0.011698984713878178
Palau,-0.5801598348598805,-0.8641784073931283,0.21170718305932762,-0.34190300877132246,-0.13029790134104005,-1.393820881370205,-0.1752454607929252,1.238654297490146,-0.016824179946521113,0.20221181689945367,-0.10715742244557148,-0.7421947177587973,0.33303137490245055,-0.28723540480550497,-0.033714411147629,-0.501807127604899,0.17593838378083712,0.20528500481996326,0.0889028951166927,0.4713186806503026,-0.08094615911650621,0.07636668982292426,0.11444659107794673
Papua New Guinea,-2.6879147501932934,0.5471342347891294,0.2941978877958385,0.07905988227850283,0.1893013634552681,-1.1257959251766825,0.4664639126469919,0.8863007768154014,-1.2586392552615557,-0.9338300512565487,-0.005483497770619539,-0.07878581486182012,0.6685807771877526,-0.7115662501698711,0.029920303334631023,0.1263728562477645,-0.021242370925958397,0.05989081617393266,-0.41369835730959753,0.09713590137617051,-0.1092168638203023,0.08278008827642797,-0.04789338539823523
Poland,1.1658082274494395,-0.8246265640360771,-0.4109983687818934,-0.14225367666704875,-1.0490689260773893,-0.14930437174416292,-0.7150369514095639,0.034766850708417764,-0.1481496120152861,0.02697864446214626,-0.8785810053227844,-0.23276294821178478,0.06997397658393727,0.06343931908074989,0.12417254977395711,-0.18450672447375038,0.318825611729562,0.01935293160634981,0.10591864197203837,-0.16885871288408089,0.027520853071201386,-0.03689939118349238,0.026846943817856923
Puerto Rico,0.3435960865613404,-1.307721962591195,0.8669130183670384,-1.6489058779206782,-0.6862823592934195,-0.0614925153907797,-0.44728148541149687,0.6754626694018125,-0.3066449986466481,0.6984237621232235,-0.8196049359415563,-0.9708199846521287,0.4515573146097769,0.06705774084242065,0.290348320741678,-0.4990469572579327,0.20881168249397003,0.040264151187758855,0.2209058048851168,-0.019109550895249718,-0.002738529099100538,-0.011566418275256717,-0.0027988510430625316
Portugal,1.657080505277833,-0.44242077586383666,-0.1312265018130189,-1.2901343266523966,-0.229080816980428,-0.16004508153854016,-0.5777404474793986,-0.48818519006721695,-0.3085715500840073,0.165098134421013,-0.5059661941537118,0.2123409775182877,0.23610892283207346,0.2491164325062581,0.09724109829972125,0.31788788637490356,0.6144679127683836,-0.30172086329058373,0.008644785191164017,-0.12808196036665445,0.07723907933019165,-0.17148635735202744,0.0020476182570489908
Paraguay,-2.2910373801341932,0.43503890115059685,0.9470285554073486,-0.5098837713196783,1.050761723497802,0.38343763068928904,0.1693142088883301,0.8402852385469693,-0.4401625952581977,-0.6157201093091333,-0.21149046046212464,0.10917154832902995,-0.2120630465831658,-0.16905491095708036,-0.32116692678464887,-0.20708967608363102,-0.18278071828742218,0.081275440298969,-0.035986363794637155,-0.02229142224108943,-0.0011575413119136045,0.016904641752830057,0.003511546045164194
French Polynesia,-0.689049342978954,-1.0004250913592587,0.7716526649868515,-0.20694642408970973,-0.5216691639403419,-0.2634781683064817,-0.9201004660695922,-0.36021946951728784,1.0369253589066878,-0.37046206205750704,-0.18654646346193438,-0.15492486002048847,-0.32067461714827933,0.022640735281961314,0.17512438780467365,-0.13542806190510578,-0.014074568168060813,0.09641946917541698,-0.04367870673758317,0.009663577718930049,0.0011197984608865706,-0.04018604570886411,0.010435630121796546
Qatar,0.6462680035161291,-1.3502435477514092,0.7642658915440083,0.8008316689554584,0.2685977719023896,2.6982804747009577,0.9744438728198473,0.6983818858182088,-1.3156729839800425,-0.16335945958332204,1.6944937520987695,-0.4904880102091786,-0.6453407840311228,0.6482709615580233,0.34409655497725505,-0.9869556551034475,0.2715647136180311,-0.17051656956306077,0.10059501447063916,0.30342452129784925,0.11290880085451713,0.01004152295204967,0.03033661472979417
Romania,3.2247777878836152,-0.13709082349636828,-2.1156695378620025,2.05003802686937,0.9986584830511965,-0.6039909664377167,-1.8298634538668546,-1.8830511348164956,-0.0509223774445414,0.09353875300338534,-0.16709934894740033,-0.7194716412776783,0.02639751995425405,0.09964910999928436,-0.39992179945248624,0.3279795222061348,1.1947557873545085,-0.06313906562247971,0.21043789355386458,-0.1078402124323989,0.0020607046043735434,-0.16032792315741154,0.004227033663930527
Russian Federation,2.117492668926745,-0.6670464893139746,-0.9390593056776786,0.1359971813859401,1.8738411506212405,0.3805578605759227,-0.284229321194828,1.1095897766735492,-1.1421339712727765,0.09618987851455446,-0.9816667248857184,0.5635473060941473,-0.2378005492119077,-0.19758310892820355,0.14511027707988985,-0.4582501748024154,-0.4635604681727286,0.15012300587172117,-0.015351626557158375,-0.0003053660365433115,-0.07413966016860928,-0.059895358121565254,0.02994276486743014
Rwanda,-3.276133073772519,1.016458214917717,0.20179687654631293,0.9457400808957869,0.9891710018924844,-0.4140434469346703,-0.32502306917166784,0.2821106393143222,0.6786294231360595,-1.4685078511505907,0.4296539049700454,-0.4509020372713181,0.06705615344045322,3.263990920867213e-05,0.12316613684252005,0.09994668391213438,0.15705534241879307,-0.04875486410310266,0.357232667155931,-0.12464078759117599,0.0615026316610992,-0.045774381955322734,0.02096765838570377
Saudi Arabia,-0.08540819133913963,-0.8778330018198776,0.025650616626546503,0.16232103559290795,0.10186901352926102,1.3876369452630373,0.9604131527047789,1.9600343523388228,-2.328511955577665,1.0990395449547554,-0.40189373676052137,-0.47416430307693164,-0.09010570823977938,0.4542292823224829,0.21030876125785494,-0.12793397939399492,0.0050796844886791025,0.1638732536324869,0.1931252718365998,0.06469763007303757,0.017642047396818645,-0.04837724476394158,0.0036597284077480433
Senegal,-2.8874122075753794,1.128988875339857,-0.11612455019951028,-0.019016377564415016,-0.4864777240603691,-0.7667482193016095,-0.3471518170780771,-0.8270010613490314,0.5856293880987455,-0.6463559081074614,0.32376749969471463,-0.9513437262645472,-0.017225210000882032,0.5117565731800433,0.4924174200937202,-0.03002242282407692,0.22269779120937896,-0.16561395855412367,-0.19564093958133627,-0.11366440961535404,-0.0671005096008601,0.0396663385631855,0.010681318273745919
Singapore,5.718791681483144,-3.94063987333696,-0.8943059573587738,4.4097668363986475,6.688323964883904,-1.9526997746002774,0.6577175391869289,-0.8232333995586547,0.4632836425295675,1.4325926043782524,0.5474651615073003,-0.4002380159586498,-0.34758522528420516,1.045082371717849,-0.09014450223826226,-0.2522417541210748,0.18936419631725104,-0.3062147603119593,0.20136113580100767,0.0686001438949269,-0.12280369135255295,0.11011869703306289,0.0717280567187829
Sierra Leone,-1.745929132243429,0.02872652217506505,-0.9048536004469917,1.8737439186738947,-0.8897725810102536,0.13254192538890724,-0.09561210505755245,-0.6997910872011055,-0.7278107117247017,-0.03316575618097886,-0.6430119068669087,0.5885375200331737,0.7644158634744351,-0.5928381198343171,0.2817286733129853,0.7504504948134529,-0.04371803317349641,0.1188451842629495,0.06083279901512078,-0.019506213973275816,-0.16974048205224676,0.08923377439306247,-0.009090413820216121
El Salvador,-2.3121641874320717,0.9241253630035464,0.08787068143534194,0.17245774099691416,-0.34549709879276497,0.1830728768530086,-0.6102238489867482,-0.8687910833001358,0.8955200798889696,-0.9935548724275465,-0.3281081816125048,-0.28602915002972196,0.18529833419218142,-0.3777560215847196,0.015234738446202507,-0.030728638137915494,0.015340613825371347,-0.22396307964576956,-0.2108150940605971,-0.12453834676678206,-0.007583792113521892,0.03128783927405006,-0.03963291811629433
San Marino,0.30667742839753975,-1.4298379555600151,0.845263531180794,0.2782164187216694,-0.07087506914421281,1.4751303815877268,-0.09556879477932873,-0.20802169441128193,0.24953515883484767,0.4363943791193544,-0.33353452586149795,0.34646152070413844,1.1610729057298161,0.048216932369350395,0.8659087623983779,0.7744376262711753,-0.30975971660823887,-0.26992578248446997,0.12231607493497688,-0.07257204101985563,-0.14741460942662787,0.2569895196402766,0.07655354314070922
Somalia,-2.2337571051223195,0.3350417724977602,-0.6699012474904975,1.5852864094303283,0.1652898010645486,0.26602753530312473,0.28813050552207586,-0.6707517524760406,0.20360646647517733,0.6445025343336199,-0.9245574863294842,0.8960855516827363,0.7165198915030953,-0.7549090877837047,-0.15023051859987244,-0.032770724144677466,0.1694008985912997,-0.037274001589946336,-0.04286577003702504,0.01562881283600603,-0.12907109378863232,0.07032914143241815,-0.03634726698514997
Serbia,3.4275614117225968,2.5341728069430456,-2.889192443235146,-2.110057696231325,-1.0922315251905117,0.10207026253411955,-0.12216447096397523,-0.8238976334944832,0.6821920576298215,0.8427531822215589,0.20046775181883766,-0.8124959778112518,0.4015407533521493,0.14552314904849042,-1.0929805640671384,0.38716668250194736,0.19179470466727533,0.30848975682922225,0.11719860568639359,0.20608908890761968,0.6058958611521693,0.7341444767958029,0.12568450510541396
Sao Tome and Principe,-1.619265697086861,0.19668921214211957,-0.9550423958696055,1.421494119567758,-1.3126518283039745,-0.3042156285465199,0.11461629283077035,-0.9310928587547662,-0.6198237959721028,0.5814041928971202,0.3495372201003306,0.10387206772088885,-0.4327827004116298,0.2503830163452815,0.13835085880024015,-0.12113738328890959,0.16247837787240363,-0.006481689981724415,-0.05365136766824101,0.045600817792195276,-0.042392628841678576,0.02517788213918725,0.021877582054275493
Suriname,-2.0096373489477397,0.05967065871394498,1.1102380040087398,-0.5216112734837729,0.2604325531986159,-0.36264872956497735,-0.3809733169996633,0.4000772583232273,1.6211421140539797,-1.0719167674815728,-0.17770516474597495,0.2952358232864184,0.07681900866519328,-0.7033193334834424,-0.41854970639822736,-0.3486476734279679,-0.44212258483250483,0.37692997157632663,1.4863461911298426,-0.25048781208069,-0.12763521415920162,0.06363707224513986,0.013984970697808638
Slovak Republic,1.5688824210364314,-1.4508123788752423,-0.3184179138339368,-0.15451554073758392,-1.669887910876658,-0.2026235548976651,-0.9387618935725014,-0.9647647805207642,0.44335275340155933,0.6312063348502587,-0.41789344478828283,-0.2196533062130355,-0.7584545689976351,0.27398126504334247,0.16227761896072337,-0.2619099083530861,0.12067209430593294,-0.00014131307571481103,-0.23342135344729234,0.016833150914010078,0.036249563248308456,-0.05939716455708939,-0.009015423600891536
Slovenia,3.313829322791178,-0.6845632366472553,-0.8006326950332356,-0.3347272607738441,-1.978691364368222,-0.3364822952145404,-0.4301069068168586,0.04187698789743575,-0.6528102890525136,0.10592620399945592,-0.3878932089327918,-0.1932864350960913,0.37382641685934287,-0.2746028512490581,-0.6386150915549688,0.24795318435850155,0.09605353138238495,0.1464194394786105,0.07624491288220987,-0.16627245634699347,-0.0980001341151016,0.0219776745822758,0.056164599829558105
Sweden,4.8426746061616885,-2.7293396309407005,0.24650864366971068,0.05336624443716534,-0.44644863234737464,-1.8379299781263414,-0.5285402824665913,-0.5097237764373361,-1.1447089208532863,-0.2706476776909437,0.9359409356157812,0.766388065785404,-0.2884057389084335,0.17277433190790997,-0.2332812759871117,-0.22300683710402228,0.18545637131722797,-0.44413030418755,-0.02954358425804048,-0.17929990870843457,-0.18043548552390454,-0.010584627843217544,-0.02098530260237779
Swaziland,-2.8563365939708905,1.2704835764097924,0.8785723150761285,-2.5725351169870163,0.5208094851265893,-1.6021025237395996,0.6196140507449469,-0.11471720184533524,-0.8890235114839911,1.0402625341095988,1.0447502224150949,-0.07305282589789378,-0.21516125794198968,0.7347526455493166,0.5098345886465301,-0.023678964374226032,-0.11824444577297163,0.10148962732804144,0.05316828816776752,-0.05664138347694122,-0.014141467272958617,-0.02051491719164792,0.05175560235123157
Seychelles,-1.1396944348638147,0.11282745262402849,0.7610286730534389,-0.03205263698019943,0.6528752724992696,0.7492727619392116,0.015733751647765807,-0.52760959576684,-0.061811230492832776,0.053946425901123064,0.6723361649504829,0.2504450230912792,-0.8480753188739855,0.46331582087348194,-0.07614716868445293,0.16193451869505432,0.00380182163622583,0.3638602589650849,0.24241501955923492,0.09344719306647563,0.08420682632102618,0.17008470199801684,-0.21306951078016637
Togo,-3.4311259523852384,1.591463797308429,-0.1785546603269669,0.292848536077377,0.5352754189872831,0.1361436886450246,0.2773490356131261,0.1265227211041994,-0.34715536035308875,-0.3627081520190897,0.2652004877169492,-0.4076257716037635,0.42708032337488466,0.35222892850201165,0.442581956035717,0.35082881045508507,0.10378666287230741,-0.1246859812962922,-0.1416992529767403,-0.09192487093787928,-0.06083007126363058,0.041577118881977404,0.011906320965364354
Thailand,-0.8554750496862873,-0.731159470393666,-0.5203476099978237,1.7526631603405298,0.352419580183647,0.04645274675782553,0.034029097750049274,1.5609113936666643,-0.1555233597452002,0.2923276215599741,-0.5126669813394705,-0.12929366282426283,0.2823592138820085,-0.20684834065579605,0.048854424320241785,0.09051285848597979,0.3875358571899322,0.04025143128817638,0.1837888108102324,0.021443075854859994,0.10157894013854475,-0.07823650108059692,-0.02585602258700599
Tajikistan,-1.2542757123400132,-0.6352522844369533,-1.0408765080509603,1.8547255874093425,-0.8813466374937889,-2.311004049163538,-0.5150698788212261,-0.0479496182403896,2.6575351029633842,0.9511471589772078,0.16779698003353477,0.4696893497777744,0.12388837646566332,-0.27061871625344325,0.07919683526684003,-0.7379420884890613,-0.14360623111825993,-0.08564720208153351,-0.0608641682572494,0.03463764485889636,-0.08641036244895,0.07098458999713055,-0.017139448700338514
Turkmenistan,-2.35757041174942,0.5295601489426247,-0.3154883142257424,0.8881331107654449,0.19618705502710299,-0.1282703143339834,0.5005046416471824,-0.9752606888037184,-0.09918980084419654,0.6983024981300936,0.276147702822758,0.6426477699950793,-0.0013049202827995967,0.007958647362390209,0.13291109183323108,-0.05267702866780287,0.19176186132153866,0.0030768913642069103,-0.05585250980071956,0.05184389608665461,0.014048765696941343,-0.0008114785123437397,0.015260499459820349
Tonga,-1.4358166175991243,0.14715066394230703,0.3493647252646137,0.2311904953594146,-0.7211263905164732,-0.4152024691693465,-0.7219515509877649,-1.3082532164355154,0.2703418598310942,-0.424039369195173,-0.6722945682815378,-0.19846712200126906,-0.20170944174669872,-0.40545105393596836,-0.10731185262718286,-0.6588329739658372,0.21297620272882603,0.28198387161918637,-0.14952824175562998,0.06302087942670967,0.1636674690416515,0.07875953605729327,-0.04509237995026078
Trinidad and Tobago,-0.5817290680666206,-0.4861352052331724,1.0397125050133886,-0.2333179481777804,-0.44883570481502283,1.1862771843336295,-0.5900494532225274,-0.7928343103150842,0.3046738292354719,-1.112099825758641,-0.3732367072627827,-0.2575265381985107,-0.4310305113836579,-0.18990557217018467,-0.3074599385111835,0.09627970811406807,0.08714119775208418,0.08067612859012684,-0.3277616587909147,0.07304868689515714,-0.009796629786493186,0.004821183867312314,0.05785276937914901
Tunisia,0.9568175525085404,1.7808579426943123,-0.9375161097749267,-0.8733767731339495,-0.5345427098126017,-0.3565786730182845,0.8469041126224545,0.781535138097729,-0.8657301301499892,0.6237404473437701,0.5978320807526609,-0.12653733577915893,0.07000325234509186,0.6121683797603612,-1.0955389969790421,0.1491335360780495,-0.26345124978736745,-0.7386884720926481,-0.20580294605955907,-0.3790662673063341,0.10493161973750303,-0.014007397583340254,-0.09981231387694127
Turkey,-0.7551119681605003,-0.35083132022646635,0.13335835050937553,-0.31925469379789684,-0.1199587796971214,1.1144255703161368,-0.4376621963055639,0.1625543329410168,-0.4417950965687748,0.4818571759805259,-1.5929468319251732,-0.1915446703750824,0.5372588971517108,-0.2958040067555002,-0.0021347181653254524,-0.16565089857044393,0.15398042391884767,-0.04813503302187383,-0.010198036795212223,-0.037255182965935586,0.0117284648023856,-0.0351383141532628,-0.02885181945784532
Tanzania,-3.1417857765538355,1.2295915684666767,-0.7327400974163364,1.5674882088703017,-0.879178669961171,-0.06567357570564111,-0.4006886844729193,-1.0042799050914866,0.6753321024350981,-1.1105604718911837,0.2316814181492467,-0.4939666515426696,0.23840024922512687,0.10288967604289914,0.3430231794605918,0.09591905706047865,0.07915351193484713,-0.1621000147447412,0.026971216781950254,-0.11613984255462934,-0.10132851190865134,0.05594385672215041,0.014825780647338157
Uganda,-2.5113308143975446,0.8998668698474385,-0.6427506481420875,1.2059087311683914,-0.016151368769947883,1.0847706138262583,-0.14280966576335535,0.0208366417031194,-0.007721570379273292,-0.19245132343742,-0.8788799939052022,-0.4317021255095314,0.5779362897200171,-0.06942770156081514,0.08069684469260925,-0.09278264649684666,0.017707260263774918,-0.1380441260150986,0.058399569853137254,-0.11968555729733443,-0.09725004966491108,0.04172263758328726,-0.02131674307431906
Ukraine,6.447821945308378,3.1247855543517025,-5.456109045738921,0.10079542064008631,0.3696387076942497,-0.7628789824935072,0.4861066122118964,1.4858776486963716,-1.7461232236935746,-0.5928053261418547,0.04832970862581129,-0.03281736460402428,0.5751155469832898,-0.09863310166205418,0.09488820088985678,-0.6164078241899633,-0.10994544313110695,0.06871412379442957,0.2897284790389084,0.23353223023303646,-0.06739974188335363,0.15015685998721215,0.10459166655728372
Uruguay,0.9066995847585106,-0.09211483051963322,0.31358497206198194,-0.6068770959408499,0.5871349078949224,0.3164995386368321,-0.31770781698694744,-0.08398198700867515,0.03774208558675377,-0.7089361361763447,-0.031427977403043886,0.6191656733119694,-0.4177374664203595,-0.035225298682967095,-0.08090134001515813,0.5757280279454614,0.4059796263537802,-0.4729563974077886,-0.10215346521046416,-0.022403239702633505,0.13429002531753687,-0.01216659053861041,0.09023162875310126
United States,2.1063916730595005,-1.7340179045189634,1.041375673412593,-0.8018004856914552,0.9279385390349985,0.5138283384470403,-0.7629659954286993,0.8029117318692937,0.42060585373728876,-0.3997851636978425,-0.07083341155878213,-0.480042786697737,0.9670231229520597,-0.49538154057594896,0.0404766410156115,0.07614910874385056,0.800770333301828,-0.25757408370009777,-0.03690326120549608,0.16873874951353557,-0.23417573085973503,0.2367319353447903,0.0031242702347599963
Uzbekistan,-1.6017320047853452,0.24667695751778693,-0.35899766406023487,0.3507657373629488,-1.1736268409420776,-0.23160522955357862,0.5246509956838048,-0.05358524112303678,0.16734242677175623,0.5476167408580626,0.36428029716164523,0.03175215970136469,-0.7701364289277942,0.4755509005209755,0.19383871665417626,-0.2595808127384241,-0.18783212611414368,0.052957977123920676,-0.11973483184852943,0.013905095185347778,-0.03691395717866145,-0.004365307376297992,0.029874351966883077
St. Vincent and the Grenadines,-0.9272360427843428,-0.23576650224178314,0.48874396597592845,-0.5189959824973923,-0.724782974285378,-0.3671070108326108,-1.0307573528691978,-1.1644422394609961,0.10100815307155556,-0.7831787346757744,-0.22329362085437984,-0.46692621119667577,-0.30215045506787847,-0.2328788880384256,-0.21547819492128117,0.05175063200036327,0.04538971734282739,0.19241731957306987,-0.060622177607014216,0.05112393459456562,-0.18530545630673048,0.09016490561974692,0.011272129765536718
"Venezuela, RB",-0.797853735505519,0.04728410942789949,0.9503898918925878,-1.7780339083092307,0.9175839334222503,0.5567656566479574,0.443535029615206,2.0367852194956066,-1.8625430329651902,0.305417162259558,-0.7298580225004135,-0.4579542947432259,0.41051200705014534,-0.08857661824447417,-0.29057281573992505,-0.13139536891889836,-0.06900502531984956,-0.0011226899275614778,-0.5350064493722604,-0.00020982114961798576,0.032755322138227454,0.012090859903278302,-0.07658223006943923
British Virgin Islands,-0.2313237740434521,-0.6524356044798467,0.669991962426704,-0.15764667644719857,-0.40221008443995376,-0.0971168181387071,-0.6720798201524675,-0.3342301650060545,0.35609497513165594,-0.1941620137044246,-0.7802494922061758,-0.18878013904959923,0.48192503731379605,-0.30035595119598674,0.12253574334805885,0.38037194950260056,-0.1777516286503717,-0.23060962995253986,0.10565266793257716,0.25677531041005286,-0.17923212133714744,-0.06022155196567976,0.14702180368312404
Virgin Islands (U.S.),-0.08480220919018415,0.05154277240710945,0.2631661409114385,0.14589267076347603,-0.061724879556520014,-0.022703045664732795,0.023883914374469357,-0.030944231367521204,-0.051132019589408544,0.27939387406500094,0.16316468906707488,-0.35637143298605356,-0.009269791496978054,-0.12700470626803734,-0.628853116564252,-0.02156879712040563,-0.07812264563199538,-0.3978019715267074,-0.026515625034686543,-0.4112646572784144,0.1667529686643341,-0.13222961697670765,-0.18683095281618772
Vietnam,-0.720475379817572,-0.5304040967395978,-0.32121503049550176,1.239165062242005,0.5188760817483434,-1.1614403588267337,-0.43743231318774095,1.3591846963791794,0.7683097957763692,-0.42724306100145265,0.24398963270949314,-0.9500017778989981,-0.4245385316251691,0.41273470460156786,0.09020915484711328,-0.2034968761316971,-0.01755199346325963,-0.035469172239384394,-0.20295568339571743,-0.0030315897819509652,0.01414298361764331,-0.01856303206083913,-0.007011377009514357
Vanuatu,-1.2910732547107546,-0.7763914083604128,-0.48528639537228946,1.499022306391344,0.36083989889751233,-2.1804653083565273,0.10106496030786634,1.987332787875073,2.6102713558398136,1.2095093703982562,0.04281339175651203,0.6617117026285166,0.5652982502850354,-0.5015024423208383,-0.07342441463308032,-0.4445790971560782,0.0610503477353882,-0.0833480532104354,-0.19069954684559634,0.0963898048361046,0.12922691737693595,-0.05541659902321612,-0.049270229530022504
Samoa,-1.3634451316317995,0.7955354548266348,0.019490972696847478,0.33605563195469784,0.1003421654427353,-0.6239007741239753,-0.010434720257407437,-0.25757787977512064,-0.8923118719685826,0.2130609012643939,-0.10935895788436116,-0.002862886273525682,0.41480382309709424,-0.4369018861785375,-0.31402882096338747,-0.03286214253007063,0.013205116164424487,-0.17562071946822638,0.26821720594323334,-0.07945679971453189,0.13843812165761815,0.031000984113572248,-0.018513202967723602
"Yemen, Rep.",-2.0872305229459354,0.5764105324726705,-0.33063514029044233,-0.1524382956587186,-0.20496292707992536,-0.6877062572659319,0.17143023926027265,-1.134249858619776,-0.4672774350261333,1.3791165730622237,0.3507356743374093,0.3126594376428045,-0.23913973305645594,0.47337702091287953,0.3623414310678603,-0.06704308584692927,0.16064179742642487,0.027331697859110164,-0.00558315543450642,0.004034219358570141,-0.010745183266999818,-0.020566226246702728,0.0295310902023366
South Africa,-2.5937256174375767,1.0843455722054303,1.8817384365712333,-3.5734172213852404,1.7880730172885766,-0.713429694146412,-0.08206460454385418,-0.7697607775549139,0.6394030176767245,0.8925391775700056,0.2546937121638689,0.28647762049030245,-0.47847456283109185,0.4622593218162972,0.012067754577399321,-0.45266156992455714,-0.07835544052235435,0.09829507653990359,0.5617003156472156,-0.2188517618986731,-0.09008716072539907,0.006365013724249997,0.06960952409277137
Zambia,-2.865511840879431,0.9794500952006067,0.5699396378504122,-0.5446279047380896,1.5844133593782521,1.101019762161539,0.24239553269992534,-0.7732769612289825,0.06713824006194863,0.8823354474600994,-1.0271412916098457,1.0990856823256918,0.41201616098039656,-0.5001753968066741,-0.3354161894588377,-0.2516440736035385,-0.20254912505247968,0.07204864372163969,0.3679441019960375,-0.10143656703564587,-0.08336255051546848,0.030967977121096286,0.008271515100991349
