Indicatori,C1,C2,C3,C4,C5,C6,C7,C8,C9,C10,C11,C12,C13,C14,C15,C16,C17,C18,C19,C20,C21,C22,C23,C24,C25,C26,C27,C28,C29,C30,C31
RN,-0.3637007551361905,0.32565033791649545,0.013776168081173129,-0.5748275728802907,-0.16912989718850568,0.3981757981815448,0.17766882756808794,0.06661096456961708,0.12352735227058152,-0.0038732276227581644,-0.09514519274240855,0.10376736781606118,0.18594469250586845,-0.19454745789695804,0.04790233788427983,-0.07723457688593474,0.14045857531845066,-0.23241766696677804,0.05214205512137153,0.04506603501549117,-0.05385612307177278,0.04590785057565806,-0.05328441878703184,0.026035521270050755,-0.007542619336056151,0.056678449065743375,0.0146719397488776,-0.03966557429580745,-0.000691494889422269,0.00537553078845455,-0.0042409596524497686
RM,0.5608358626856805,-0.07596153604977433,-0.12287091300398058,0.6414678516967962,0.03248533661437301,0.035508298454350926,0.1080640316559197,-0.040255278948564475,0.12500270865262106,0.10494785226119997,0.1472476471801049,0.1093967862775798,-0.003967941460726645,0.0037639321766945112,0.1679534545099337,0.26091392282494175,0.15083893398563497,-0.08970128808475838,0.10311100047536405,0.09018744639140477,0.15339162076154791,0.07248393423799605,-0.015335993830496551,0.04329992647545314,0.0089677351598279,0.00880291851880037,-0.0136159946742799,-0.008351984257418989,0.001537946168613415,0.003729963535507142,-0.00315664710712864
RMI,0.270046536105117,-0.4405636528408677,-0.0825432209922489,-0.265117365710927,-0.07293282841734575,0.189588909760033,0.4221623917764532,-0.02907598664070963,0.41930455361790164,-0.25011846381801534,0.17165661016064487,-0.214609302287425,-0.22685017081151965,-0.10595602222300964,0.18319501336327934,0.036374820394486515,-0.0584031892601232,0.00023596117215192924,-0.10752534077703793,0.023633300358392315,0.007792872351623073,-0.025725398954308268,0.010514497796545234,-0.07559562210970393,0.036793759062910686,0.01538953570160974,-0.004422003491409326,0.012019248197159473,-0.0028369041438221737,-0.01526841074192085,-0.0018872522627282394
Emigranti,-0.34179298648171424,0.019287079445276762,0.6779641314599868,-0.10760695565001956,0.07437444178929366,-0.41396285187094245,-0.02505338840189227,0.11401065401479986,-0.11111699678138685,-0.2962877393160054,-0.1008993819701744,-0.03731374827917017,-0.14827065826994174,-0.03221555603214927,0.133688616433371,0.08392293265614846,0.02560712440593828,0.07549753056271588,0.19523363868178142,0.025097787570780305,-0.03997161781173602,-0.04424775380333609,-0.011838157837824862,-0.032237065050871726,-0.03781748460567767,0.08500457913711812,-0.038078249889486694,-0.0338324199305122,0.017461719643480145,0.005458034315627633,0.0014234471201242267
Imigranti,-0.13004585853631975,0.26420176953766566,0.8134662831879764,-0.18223442389964767,-0.0002886893816037132,-0.22421193631860892,-0.07493609924978718,0.02306186439312077,-0.044326269585964986,-0.22431432233043186,-0.10205845160482818,0.05058534700826996,0.08068099079019278,-0.051502913054913536,0.02879086822540167,0.03517284781269547,0.06534143385198526,0.02818413700008064,-0.2011389824036675,0.12188907642344675,0.09036198740059039,0.089377719117518,-0.007455475326689346,0.020814140818859923,0.030627261886794654,-0.07519362865670398,0.0343094612131679,0.017594290756235705,0.007798045613401998,-0.01623878152811719,-0.004726718225540155
RS,0.6055072711677005,-0.14148522058167545,0.44311225062318055,0.16897919150296425,0.2875269746657205,0.15313157379934977,-0.2348896349337069,0.17524123115314777,0.26359481532992074,0.10629420246199497,-0.08329193043310562,-0.23822330757096952,-0.03403776443822441,-0.02558500852987875,-0.16187652941880248,0.00032307735149785107,0.024936308706390714,-0.071454670775899,-0.004190568817928917,0.010752956919916372,-0.0018208258470709972,0.036851097273236315,0.022340357653668586,-0.05891582666660053,-0.026775553199491643,-0.04811147273698445,-0.0194705002559942,-0.07950179249488981,-0.05160113690464151,0.009176967976960333,0.016747749551563475
Sal,-0.8492318491271484,0.3277088946491198,0.11841785240544965,0.16785221283149893,-0.09806547933935725,-0.024338844270205294,0.12097595702839743,0.0510334097138675,-0.002165487520936081,0.15610473025314664,0.14393043689356266,0.020870961678660517,-0.0587667225560335,0.08272445482611533,0.00029239452925954626,0.024444063266139654,0.023694021186849403,-0.12090428844275165,-0.012257449537541588,-0.03353271618218722,0.016123499671800903,-0.021979939669386342,0.0838642473811523,-0.09712749511026371,0.014501190465140201,-0.011896748820265089,0.06564019525641643,-0.030379741703722533,0.06963525259906582,-0.006370354637171127,0.03478161008170794
CSom,-0.24370125247738184,-0.44562494196454094,-0.16629981491311935,0.029364411080175762,-0.4024294683430596,-0.10329369669713688,-0.4137436676886424,-0.04284306919351228,0.3030834829159063,-0.31247550276661135,0.1485198796546746,0.08740146010103717,0.2990566941883835,-0.1515133262220917,-0.13314096056971686,0.06718996340986731,-0.013511331956519098,0.04357390918225182,0.04328614354761814,-0.05854332739481145,0.021002438172409522,-0.02050762796021323,0.020982006507944243,-0.003329076891929364,0.035280185604411776,-0.030974389879782696,-0.019021464294866425,-0.03631106959642582,0.03776437192907581,-0.0006489981413055206,-0.005971649613970804
AjSoc,0.6272702023998069,-0.06304317096449007,0.42708984893108537,0.08420869313461499,0.2764189599816545,0.1877407506086518,-0.19591433429472227,0.30047489954431245,0.20964266610506546,0.14202749114901841,-0.017941272477540827,-0.23323068194328686,0.07344233598868673,0.08249483324597337,0.004391104951686789,0.06300779736269742,-0.015091133684681679,-0.0709655306075285,-0.00042059116619512445,-0.08053253320320786,-0.08401295153079698,-0.02015758249229348,-0.05199525813921741,0.0757430375679816,0.047729009150499054,0.034274577742283895,0.00879698035150868,0.049849615362768065,0.061955822544392025,-0.009275442622145988,-0.010778890581201685
Pensie,-0.6988566387353639,-0.30725862552404415,-0.06990084772814487,0.1831639751774863,0.22750986254775366,-0.2109110232876241,-0.2798583262141786,-0.22174754857409906,0.13265452510090728,0.015639218201809496,0.18592503725433412,0.046960491731167064,-0.07413637896788564,-0.05757828309032443,0.05520844774189224,-0.04600493406210884,0.04785400486920084,-0.1293010909699635,-0.11584167919935041,0.13817958262316546,-0.1530362702257953,0.005923406100900942,-0.01661878080476751,0.019041961087730767,-0.08482062061340014,-0.0074800960718523395,-0.03475271272819528,0.032027379998188846,0.01750147174735573,0.029926103540122373,0.011265126818456457
PopScolara,-0.7777141424710244,-0.09818725193769152,0.3869469602312138,-0.12872011660018404,-0.06026497931002763,0.337814973438443,0.09302124474256972,-0.014234122082325816,-0.07619756567956057,-0.01376779579756739,0.09137327143777874,-0.018592096353477083,-0.08459127933290427,-0.03389651530161548,-0.00604229442197952,-0.09528421129555537,0.03650694294444659,-0.05463274509733167,0.11849531474311639,-0.0027963879068308825,0.07301840235164993,-0.07734884730316897,0.04390469522209049,0.08531273555581724,0.05648945896843386,-0.0910229618736776,-0.08988720391436285,0.039281633811266106,-0.005631401854794779,0.0023086616120087658,0.021983041628114337
PaturiUS,-0.7152830787565594,-0.26982683519911255,0.3041831360147162,0.21339936257771944,-0.060032154607296766,0.2595293212694519,-0.20764542746282685,-0.15870644120590252,-0.14136289618359588,0.0854939287566423,0.08979347532022895,0.05228140244757559,-0.031421446297258016,-0.12687152269262023,-0.06298812702670065,0.01995333754947062,-0.1996209991010174,0.038972568893964395,-0.029622602601789474,0.013077672938116893,0.04016127638643962,0.07410826193755546,-0.08892510285745236,-0.01035505906126482,0.07924074648866075,0.11625861152207372,0.014924767364789274,0.007248804861567966,-0.020443740840963072,-0.003232463765089248,0.025697777701531456
Medici,-0.8096636796446737,0.07792948442030279,0.1870001618915632,0.15853970356292738,-0.10444900348209778,0.2799465830635481,0.014837316814389389,0.0053615332344398164,-0.17503043539395757,-0.00988583127309038,0.16975326172744468,-0.0590668385832716,-0.09911515676605977,-0.07757542668947913,0.08696976488211255,0.1257868005269438,-0.18776369270333668,-0.020708786341375483,0.07860254982013516,-0.05367663794125371,-0.12592345329131202,0.11821861977112788,0.039081620685982386,0.007990092524326186,-0.030648392146428866,-0.08591433069847469,0.0245139943537695,-0.014931311275554386,-0.006665933665849469,3.302909376475656e-05,-0.033420020252222786
VolumeB,-0.7068878961594028,-0.20233163145038313,0.43240820201611424,0.1167351756013622,-0.3142175105261827,0.19526421743813407,0.05084725658705215,-0.023836352357722274,0.09860984478440842,0.19254322891142536,0.05969284054304609,-0.004763215560848178,-0.07109669995291609,0.08141114787429833,-0.02611640292594714,-0.03843792556443765,0.03136307502320349,0.05914064934687571,-0.06900018863415097,0.0016164893919899284,0.1093771962019205,-0.14080391724088703,-0.07274205631854698,0.004711744876380985,-0.058335281691099125,0.003520449582580358,0.04024901030111973,-0.025857937533805768,0.0025820671948368658,0.03892018377433966,-0.030906749515736028
SpectatoriS,-0.5401547060022759,-0.34754878533847794,0.11953968698316537,-0.12110022583688244,0.38892227214878433,0.06193448848294431,0.2849896326240793,0.3339067928024515,0.11791176311256268,0.2224880049440107,-0.027406363564588133,0.2566378846150702,0.17524978041249803,0.008934729107137988,-0.018031777350006727,-0.01930524489121564,-0.06968999528280827,0.1267441688916035,-0.04532688600073138,0.04231802130681439,0.017036668656981994,0.06557784316005878,0.1160993746982478,-0.027819064664061196,0.009819563458104355,0.04463844382843562,-0.0515927978845231,0.0011850158976390941,0.014441502560921008,0.020687901912167902,-0.013097755895450636
VizitatoriM,-0.4752325468085635,-0.46822024796337747,-0.06676054629479002,-0.2859013061150221,0.5039885638366065,-0.17857096934438582,0.19113240628641023,0.1551699552344879,0.03091679313998824,0.03965768354187451,0.1571542006473322,0.1835789342759968,0.09983966104890561,0.03307244575759728,0.03269511064533568,0.10672458335343277,-0.009696981086386575,0.04461428206935557,0.060040231647150055,-0.00011152949615944144,-0.0532961199627153,-0.0715108954367724,-0.10377535542139343,0.034964898027019596,0.0155352677264298,-0.07338213799316425,0.06909191394015489,-0.024004129523286465,-0.024646162365161487,-0.01720832939932521,0.016205857103344753
SportiviL,-0.6148566474513874,-0.1138378035165367,-0.2672880631477421,0.12269847347559536,-0.21930087001323334,0.21288418550934016,-0.11414710090671688,0.25493433711609653,-0.2430545927609303,-0.08919996846541146,-0.25839531927147796,-0.15089169066573152,0.23794415361367544,0.13242982113481275,0.2726187499448092,0.14814309629402253,0.011567597674595644,0.004733699060383386,-0.1308940790896923,-0.019264272071822144,-0.03338826041300202,-0.03649815654803235,-0.020721730097297032,-0.024682913930747116,0.01689660723312418,-0.01544687638947884,-0.03674991367409652,-0.014383307778315466,-0.014278352381265935,0.019343936121437363,0.01624945999571486
PIB,-0.8975936089216929,0.05931642665274449,-0.0596918205462974,0.22670638338000898,-0.1672555616604232,-0.02480869348912543,0.04314186586304601,-0.009908923751794611,0.022691594771185764,0.17138135984539327,-0.026528258973765418,-0.04222299776191197,-0.04679651919713215,0.06619378208391564,-0.11553786512867474,0.068471675001164,0.07785481538734827,0.01588339704757661,-0.06994215297766897,0.11253979211382614,-0.08593200069471812,-0.06403748276928592,0.017910655357502567,0.03782853221338188,0.02393271758678005,0.03566968519646845,-0.04931837392418007,-0.041215925146373567,-0.009964050748150328,-0.06981240604349805,-0.016133664975724108
SalariatiC,-0.7830813294969402,0.34649338284099884,-0.08009084624328612,-0.04109377776468749,-0.057275380487226066,-0.2517696990402076,-0.0063695306026682035,0.22902802108689804,0.185722238281535,0.14633067499602972,-0.01898026403542047,0.07186341743764352,-0.03567061458531158,-0.07976725856515249,-0.05311158962554809,0.06894441710125562,-0.009437277259390631,-0.0666768615955451,-0.0048167688311053485,-0.12488885825995301,0.06782969140348208,0.03550953849569536,-0.11754419442973846,-0.10772471230293794,-0.051189364525434704,-0.03111862293130135,-0.0684973960454562,0.05221097885338894,-0.009074211311757108,-0.016529595354311945,-0.0044678333203535805
PAgrVeg,0.690772479208074,0.05286137940542041,-0.029325702161115515,0.3516508497238994,-0.13356786089117276,0.28458648755766014,0.12331807927205456,0.2565715132077858,-0.16236193846513866,0.06563149634780621,0.11847326593485359,-0.05715607183062441,0.1008510417572857,-0.2547837476899531,0.03433730632205522,-0.13886498201731667,0.02826577283116748,0.21568880695661374,0.024231193002119282,0.09806744479093125,-0.024863053881582425,-0.005720455933574153,-0.05838452968735715,-0.025281409782871956,-0.08321514066368667,-0.034337822693011874,-0.005721975288942129,0.001134403228099573,0.03465529131681131,-0.01914987452879802,0.014331456281119837
PAgrAnim,0.5708626753994731,-0.3853028504498657,-0.030049026458024836,-0.09801692579435513,-0.28612874443224995,0.16850256937565875,0.10077666974239086,0.3205089826523687,-0.18810239792968728,-0.22886855412990156,-0.08490189811926668,0.14721182242084788,-0.09239514364832772,0.12367216187154567,-0.24213060910155837,0.13950987932101025,-0.1473602346364149,-0.17563711504865148,0.005952482356761613,0.1202223934596228,0.01280632276294935,-0.023981880539056016,-5.1238507029189514e-05,-0.0071465299137569525,-0.0684158041152307,0.00398514769731077,0.00587871681413952,0.02778841305666277,0.00803337175267678,-0.0027571486188547613,0.004433828150463942
ServAgr,-0.0693175235124786,0.14044276653033483,0.05399966306980101,0.6083265277169504,-0.02432323641451067,-0.06081065403304397,0.46653296843941683,-0.11961317125622166,0.2194678835232517,-0.1164225900347909,-0.4672948500868845,0.14223125384981833,-0.08097230436776257,-0.16068922064747063,-0.09727337632712693,0.04243941629674746,-0.05669725797726106,0.01931726013461556,-0.036856568079457024,-0.060173755795407735,-0.08718263573951583,-0.022967527872013116,-0.02523581444433708,0.05086840464501613,0.030069429994529495,-0.028588759474889813,0.002308182661164789,-0.006944770184363163,0.01111749849116003,0.019473600046483644,0.00953549061231382
Silvicultura,0.040804671595090346,-0.4417191995010875,-0.13460845440419084,-0.42530808847837615,-0.1996986359765995,0.22362821774424468,-0.34969687840966984,-0.08473843303222288,0.13326991378970382,0.23929140419757797,-0.37931264845562573,0.16272023166287303,-0.3127494860074798,0.04049911588172217,0.08506911446591686,0.04145774970390713,0.07991415059228082,0.12295408440167141,0.040825164353735593,0.005003030882311277,-0.006072968414040024,0.07035803037772811,-0.007793113575058938,-0.0005729762139580333,-0.011577246272997641,-0.037900642429130986,0.009446533423073285,-0.006116831943073521,0.03073821137685308,-0.011181213386638118,0.007685426798169554
SupLoc,-0.39797391475245647,0.4564157559227539,-0.4706897401239149,-0.21894715970755194,0.010260240931394838,-0.2832306669858953,-0.11694853490066733,0.21003478077916643,0.17587466658876585,0.12665544444984383,-0.07292613749777122,-0.21349291892546737,-0.07808010867268474,-0.08735021256178492,0.0364631204606296,-0.0048173292366272885,-0.2709161049519729,0.004302799064586993,0.0301846910824129,0.14370981636188795,0.09431092760599048,-0.013962953204573761,-0.008318017169377958,0.08279673738526513,0.015286891253231827,-0.014541832341058778,0.003104112812977817,-0.02860715772863295,0.016274531480587235,0.014480537480751591,0.0029351910322600433
DrumuriM,0.47502003665011316,-0.43452475550452924,0.013137572031094051,0.1862002937354072,-0.167537667138502,-0.35826273074120174,-0.15500915266606516,0.3054967751281989,-0.25455379042964293,0.2068939898636977,-0.05748330096393566,0.1063142136899905,-0.12633371578926633,-0.2723335561617846,0.10514105845349048,-0.10975727842962928,0.026058339496396056,-0.15844476308660926,-0.019044136772316908,-0.006564587606503105,-0.014773998435590959,-0.06279402345032244,0.03094686542095047,-0.03251261020631056,0.09024480498373669,-0.01269658223125403,0.019200282488530403,0.00039548316273053594,-0.013457471842683458,0.000699408904804208,-0.01629700936722468
Innoptari,-0.325936446114759,-0.4115504316751228,-0.21971749228408924,-0.2701131934772242,0.3426610512679832,-0.05044869453041867,0.20194074951943716,-0.22414407496215302,-0.3965346945245673,0.07982164473783987,-0.09872351518731717,-0.31656531095416907,0.004700098772963452,-0.20851715506270724,-0.17582150237257238,0.1514175542670283,0.10637719062654669,-0.02429707588016083,-0.038112822980101095,-0.029137013241603425,0.06791927954200593,0.018012948904770724,-0.01109814441477983,-0.004609457374170536,-0.010311213160438419,-0.0033486278258360374,-0.012157070812071074,-0.011760065282537207,0.03799385913498675,0.008415303568974705,-0.007169833855369719
BugetVenituri,-0.3660668552810718,-0.3121311772138649,0.12325873055898641,-0.05135468418428523,-0.5923391036065396,-0.3622308678650257,0.2405988014325798,0.05834614750735572,0.13695539122201408,0.2050661473687258,-0.02347811590347711,-0.26993697060202004,0.14149709061047974,0.0433441239409856,-0.07927825651926321,0.0227800480159824,0.09706526414214597,0.06089445660448359,0.10736326147711547,0.05917198561041312,-0.06719190247588784,0.07405523503154095,0.0216599089595009,0.0038446620313326778,0.010816680369521317,0.0036988539658520457,0.04135471780596032,0.05361481190117676,-0.027714870848710098,0.014324519312440272,0.010511141578176935
BugetSubventii,0.6236317936304956,-0.33264348089266854,0.20468926327508416,-0.13373434781293173,-0.34636038706825184,-0.3380019866072703,0.27006304715877266,-0.010500419903428614,-0.08739119902270995,0.12144092757005678,0.15310669230362822,0.018952384558537365,-0.008400783809344368,0.10285324844644352,0.07037970353988002,-0.08931337074337882,-0.08754417511238351,-0.05821432216729394,-0.09968065941678486,-0.1266866900169927,0.009757193235062274,0.08560334567019165,-0.03585099082359714,0.09484330050175539,-0.04526454368429634,0.0025546529699423275,-0.051662050144349145,-0.06042341976430587,0.01699093158399173,-0.007936685084523866,0.012612572612586241
Apa,-0.6262439829609204,-0.40495592465001606,-0.18022632510388042,0.34862734635109527,0.17474308634378866,-0.021552455503009632,0.09976270198590385,-0.002628734630925366,-0.018396164673316975,-0.20372196073479396,-0.15583099181741003,-0.09999819012448188,0.022735763106247475,0.22304665400966805,0.005893544045881151,-0.2855405195684811,-0.00586304665291422,-0.07712049686663355,0.09237294233923367,0.06481478415798082,0.04066178694889746,0.0870746670853004,-0.07846856197983719,-0.051646182378720394,0.04598808524922628,-0.029124746824418086,-0.0007238389472436943,-0.015399441167012034,0.024705743463307568,-0.008072686933457944,-0.015380789580436921
Canal,-0.7969480442209321,-0.34457554081247965,-0.03292818620702238,0.23665444433478,0.14589933737406796,0.008097944378496582,-0.09189215822305119,0.08905452607795822,0.1007322622880589,-0.11324837630035518,-0.18940549114721908,-0.07083162698877092,0.056118221524942426,-0.10808191038982544,0.09286893950296984,-0.08041074384947454,-0.009212567200238192,-0.05685639547821877,0.0005486454679111666,-0.09459507654634132,0.10469711689952331,-0.0029490230243941454,0.08311430429380641,0.07356159115020745,-0.12273288732467473,0.0426964076991681,0.05460027832007954,0.023724113372742623,-0.019494776553414774,-0.03371808258548124,0.006063953188682039
Export,-0.5765362103554338,0.12786548077124052,-0.3405132363616985,0.07941158663568422,-0.0018600388802113186,0.03730225806548028,-0.0502039664574089,0.4825678977822505,-0.03155529651117261,-0.2584486170658401,0.20949907942546786,-0.007068436659802556,-0.30012296466938426,0.007055221649240404,-0.12402872906502523,-0.02461195118223085,0.21117500880250004,0.09153177744912921,-0.06870341479794834,-0.06358793912685819,-0.009045247264484866,0.07304737630101855,-0.009196683806669662,0.06809097717593253,0.03049734355087908,0.027849218548452463,0.015300060012419011,-0.010880783217568338,-0.006435208345471575,0.019597763739196812,0.0033554212096317854
