Indicativ,C1,C2,C3,C4,C5,C6,C7,C8,C9,C10,C11,C12,C13,C14,C15,C16,C17,C18,C19,C20,C21,C22,C23,C24,C25,C26,C27,C28,C29,C30,C31
ab,0.01316095686107263,2.443864823318542,0.7849632503223046,0.9802754079196988,1.9368930491281124,0.10997553229424445,1.579445567455443,8.812923135903615,2.503754536829399,0.7541823856659962,8.402948878573495e-05,0.0017031183293261818,4.43439995012928,0.00018058454956699574,1.3710747960267902,1.0338293808521515,0.634649321919119,5.4238973015796885,2.4427448268821483,3.013422699313806,0.04965132939532095,9.90810366506022,0.10610369210039758,2.044350912052345,6.882927459528816,0.008784785858439377,9.851629731002939,2.3962569371182822,0.610487749415086,1.1113613412228374,4.949614397833095
ar,0.004216205085164694,0.7053464192927651,1.9780135430090082,0.5214701976008366,2.312311617009225,1.5899668151712937e-05,0.0719398844478368,3.8289258558542096,4.344130496351916,0.26790953941004675,0.12767683649417988,0.0014945189667477925,5.007065219677325,0.4701391558116876,2.884263183877294,0.6672140952102285,5.438206066076507,10.454535416648591,0.025611075441889456,4.792656836315359,0.0170806399209404,0.09461440331610269,4.640351574259433,0.002154895736715759,0.22314941536370206,0.0400104927423236,11.525646320074134,0.28718768994218186,1.4101453390386565,3.68069786032808,0.0010400228729024314
ag,0.467545219807965,1.0134717899346308,2.7107042783402773,0.21155919725156372,0.553702535417505,0.23220124510209167,4.866082817141957,0.24864301753874601,2.8922894280273272,2.65872426978886,5.529574890438249,0.6469723818308346,4.887896409782373,1.1096548932776502,5.611923199320619,1.4747092364657993e-05,8.67441127660133,0.4636688150139392,2.5654164370044783,12.901671571432978,2.638835975998184,3.547081655618951,2.5427076912999813,0.1641332023979247,0.6924873825695603,1.530056376067452,1.9427764481496839,1.6717044124853724,4.212793948637373,0.7374467404508311,0.6717456403608042
bc,0.5495049375301563,0.2921543005309522,1.7489357515557264,0.811715088282783,1.1705619632097841,0.061134631279063295,1.0323000164971712,1.2199016454363367,0.784555562363042,0.2287348803085522,0.10105662232379539,0.46770444955401413,4.913312910065204,4.19280833496179,0.08172408689540382,0.5746634580668852,0.4550912529484053,1.0229600689901721,3.347486629208714,1.5497905957134508,2.2543454084531978,1.2868670274526428,8.029467921646315,0.4003407632783637,5.767698717466701,8.380060663149969,0.14341310329831605,4.356168782225538,7.974099381155506,4.160243439592621,3.380909973934967
bh,0.10032384924847762,0.15869161125666814,0.7564778035386667,0.7471019948273061,0.019285526121253695,2.293548609905707,0.4763600511275157,1.8064058434288917,1.1716341964924555,0.6895378608185025,2.153201641967357,0.29335359204990125,1.0405464572461343,2.214996480488766,1.049234604540959,0.01316268726730728,0.022196858105764012,0.0059654104500553124,4.180069042255667,0.5044666250976058,0.14173970115845516,10.219021143724376,0.5938663950695936,20.878769491372452,0.5151366443887859,0.5779253180015392,0.13764082594552177,0.46154091947855547,5.150706456457444,0.07794113828535047,6.295948453035072
bn,0.036389270581395725,0.8937174525749264,0.6204333119870519,3.8010391425932117,9.447131937113653,0.11256369098796018,0.3969422425000882,0.26861570860308775,3.7662680147380105,8.65794531232058,0.48293259177937875,0.028219112612591774,5.684562602055497,0.016469369612497797,8.809658481082003,0.23098418906356868,0.36836632902590016,0.321813091471709,22.405769216259255,0.4773612324951464,0.13794017310879708,0.47298377534399827,4.91566687795695,0.5043101717954018,1.2496704761872894,0.020916437176045632,0.15173878699460416,0.9856298895947813,1.991966027659046,0.3843065792207125,0.26003661313327187
bt,1.8279636270721697,0.6498878532614305,2.598925676168065,1.3754774941005665,3.357843178917611,0.03034088321783798,1.5310884064132555,0.009404265502840707,1.7550635098491554,2.442449196630413,0.8086204695246755,4.462702324526748,0.39670352206256954,0.06172072959686495,0.046441283235930345,2.347229675655314,2.767884204421054,0.30582743041801236,14.544008960300825,6.382681968096313,17.642469520906666,0.052645931343359036,0.4000600391904176,1.939487880078203,1.2737248719364154,0.6807560897874236,0.02852804490840834,3.5641095793242794,0.5883144384636021,1.2072544549634998,0.0012048300068485684
br,0.522496173672859,0.410527078371058,0.002042779403669945,21.360418207497435,0.6373891025718988,0.3232029256922187,9.040485633990905,2.6029493051622037,1.7546491183199344,5.375187534776107,19.42871269973208,1.8004031110790162,1.0208626574988675,3.698044834377094,0.007441755898437427,2.064454856474647,4.269998165907182,0.004933122924572178,0.18913481588779732,4.711225540517743,0.21167166978441077,0.055196316984554496,2.4481414221986073,3.0701510327549038,4.737527265195917,0.3983608694242811,0.11296360647806981,0.1519883347584995,1.9843409513408412,0.7562258426512433,1.6389760176985861
bv,7.571778553184777,6.931701669143843,0.772355306811096,3.4669444616284086,26.056714117789998,0.13559671414388205,4.9676588361763185,7.326327787260369,0.1467934192770183,0.26678796119939713,0.051168767728853135,7.905813829794633,2.7245086823316282,0.0028072677955113586,0.002117386603986354,0.7424453149566119,0.046189294756525306,0.11705439949792275,0.03819636909158711,4.176260397291563,1.8199813200583246,0.3865288799102362,3.2927131614133973,0.9938116793751075,0.09573853378683647,0.00027301493857652463,0.0013387644103093558,0.027983450773683013,1.9341208125110285,1.4035238952088664,1.3674787798666495
bz,1.5291734332016367,0.22563043784375078,0.00627175332332993,2.1739453087660903,3.0412126786747438,3.042239112582031,2.597313777976516,4.57443756601889,0.571606639759174,0.0017718538239071267,1.9378702460716162,1.21927228920831,0.4583726416878355,7.355555926881293,1.9352088021505667,1.8850964056971888,2.240195625012583,6.774433394295971,0.2777742585032229,2.3400738740924787,3.8558517631158984,0.0008766211616128738,0.8165020123265071,5.681061268109643,5.988695826801832,0.09963659536944104,0.51517505111192,0.6940901715830776,0.11382798154291203,1.714001773118604,2.3167878799324604
cl,2.813745140926847,0.10302997876857609,0.002195591646872373,0.029864755278545374,0.34673046861240575,0.21405431549630685,8.785467258919141,0.008225118524347468,0.49060097639206457,0.013592004634586987,0.06712200902572327,5.307445776043506,0.22691995883168786,2.2775663851139245,0.6182521041696332,3.2057240970196976,0.023029299412747735,5.671302646372302,1.8385066479575485,0.5040742181908506,0.0010670021075674116,0.3282908776004227,0.03765085095252355,7.406548890304379,6.13419538155815,2.3730623873177423,2.883895782541483,0.39357494224590334,5.5356676778511975,0.42857012696040525,1.278804495591394
cs,0.28143981684526687,1.4181654132489792,0.03664614674199413,0.006472602021063331,0.031652032805089145,11.568733195918202,1.7822064923679404,0.2715486205699867,7.4734571411015045,3.650626429027788,1.5190584835336605,0.22818134598632478,6.651495811974242,0.022381514487355075,0.5592332091260778,1.3400994650960958,0.2341880274161681,0.20477229201131378,5.877449575784663,1.8689476785158825e-07,0.32181132435806803,0.22285007218948893,0.7671301157916396,0.08449486253365047,2.689173341041193,3.205753646989189,2.0940050758356388,0.16641306427661443,4.435582595730323,0.02615924430719109,0.15315574517662922
cj,8.240659012264352,0.03183111606961003,0.489007826599769,0.38643649713463035,3.3182941449807695,1.784820802428087,0.17935968884164202,1.44428869458262,1.1555151015642433,3.526473254563732,1.5904179826315017,0.1086091701761539,1.5774315574796767,2.1526340185701325,0.6879101790656865,8.45160038033249,2.0713798956438083,8.157461550525884,1.192254258055152,3.0433699560758827,14.229432221120334,2.966213591562751,0.13221312573238908,1.7987454384881838,0.04624827882770928,0.3465693185591822,0.03817411224648207,2.568516407088672,0.012446446708653951,1.1434316715214965,3.2676877040039654
ct,1.7774387419858007,0.7657318894239854,1.3982422000686106,0.4606632291725278,6.627824413544359,0.030961585367864735,3.3423876858284283,9.201585753631274,9.379445349549998,0.810619986555819,0.27718657197909913,28.46862558286076,0.005861757237610358,5.411309466131367,0.2289001784095696,4.745126416295461,5.533461464018193,2.8458113849034765,0.5894348141508686,0.03810049227667624,2.441788007779727,0.8366436862997307,0.8888480213911778,0.1325884505774572,0.24743111348819735,0.001358361056231079,5.297529147038484,0.016150963898827548,0.15888234335734083,0.1468440594109033,0.2064350055761557
cv,0.08422641694220293,1.4180816800400566,0.11065550408270114,0.2749279789722279,0.0019356653813005205,6.8572052020981396,1.0399903809614386,0.006666122828914988,0.7745511586426636,3.126507370025736,2.914607715234278,0.016846391587086715,0.5878624171220832,9.343114681300323,1.577920552231211,2.1155835909702367,0.13644187144166953,0.7194408767090549,3.2545269377986012,0.41957471732210466,2.5891195728050462,3.1626969723567497,0.46824218440438814,6.37207501703627,0.6632883772002294,17.515351263043577,0.5122193306819032,0.1462722486254006,0.004473411307391009,0.16721040621620314,0.5019217833593378
db,0.6647756389927398,1.550126744977953,0.6470263123493412,0.004393695907187909,1.7968787379999713,0.09763674085898975,0.0007215378066495388,1.6931413039212706,0.32023132815822264,0.05256769153220661,1.0154701594996607,1.5099585352841787,1.5490155767404707,0.8740995206584553,0.9412947015204995,4.124876908187856,4.095932082017201,0.6121603769849103,0.6362885998144443,2.116771400165766,2.508867903077202,4.0247817222394575,11.494972383992511,5.032499809555352,0.04978584799694285,0.5447171875069042,1.3820973883655343,0.20358592009696982,0.033341129397127446,5.781149224242945,3.16038808197286
dj,0.08471415861911046,1.123478715342423,0.7964157713696863,1.9346664392042001,1.6532399292411213,9.004211078441228,0.3222416520234049,0.2783338141426602,2.5256598687666703,0.21238718769953305,7.230365522924022,6.065407976298862,1.9046756451596878,2.477053502028597,0.10928153082547554,1.2568231863862638,3.5456099737298907,0.44628275779222776,0.10861816277458664,1.0534447580317867,1.1622632099621488,0.009219418689104896,0.08042931693395466,0.02741862557604333,0.03597263434725608,2.890702170539134,0.968704108158385,3.631484189352821,8.53186991819499,0.03732449776931454,0.11581132144066274
gl,0.0579408840326123,0.16408099516550026,7.4459367552991695,0.7541119059669281,4.622017100502709,1.0593564961465414,1.3831257112442994,0.038879500812874994,1.4527531080764755,6.588618621024754,0.5735828117787598,3.0535138642845743,0.4835547065396971,0.0688224529096231,0.9218272350061333,9.97519564314967,1.3958474211011167,0.151587089948038,1.3326686642235497,2.176333060151232,0.24012639277221626,1.1408935732675114,1.3345385993749648,0.015581341823390861,10.649971994377248,4.576137401456468,0.2710252839781905,6.266903486209418,0.9241900457894244,2.9645096210335353,2.4398904449051946
gr,3.570097684689046,2.689864520972744,0.8656634386006933,0.6505683331576813,1.0308212830253,0.3725637216779373,2.390874164858027,0.4658830069093127,1.0253138888986906,2.7893300364548974,0.7840389248435198,3.97563713610904,3.7819997873320372,1.0424195427910095,8.149333456173732,0.20267372578105974,7.295966551412521,0.10172394560360407,0.31253380349240434,1.9218003251826765,0.47500905533845783,0.014888775678298634,6.728988363272422,0.015772873542459175,0.42988769148313233,1.066516995526506,3.9367560877668155,0.7693029312797731,1.6958549502460696,1.7536296218713097,1.0071142129383683
gj,0.16737642545619597,0.5453790456650754,0.004583925295064435,0.005473537110866715,0.13995503863560238,1.6246200867336966,0.4594244929346939,5.85563080513462,0.05065844086674845,5.279492941694659,7.369633954201514,1.536528419306517,0.7142715440924359,0.04459130177796552,1.027670419878885,4.058769525813045,3.284888856380241,0.48134958894602226,4.26488908066425,2.1199356493608215,11.305647060941597,0.1093357138452315,5.635390481140104,0.3075011611747614,7.641878797611282,0.026957769297231152,13.01110060822815,0.5916344861767758,0.022610167099769214,8.874801812256187,0.009004907586807276
hr,0.12088694966311168,3.3370695140208424,0.6838770066959868,3.477027462683741,1.6715512881446342,6.470796518266257,5.815022224954408,1.0934586578939882,0.6298599838140533,3.5425526244896597,14.839375113479424,1.9882162710592612,1.4178193129674999,0.4534457086463577,3.409548886381708,0.01796030887092595,2.219607484452065,0.233379972003445,2.913103207401825,2.5267170514726414,0.2739162488943208,6.645145132419277,3.7083545964757456,0.07238566352904324,0.09802457212462133,2.8268591579067466,0.7100731624919554,0.8878809741694332,0.2671066202764933,2.004841640017555,3.1042598385034648
hd,0.6569431350440159,11.248503647499781,1.4261031073408155,2.498791748012543,0.277035804827422,3.9584986561570314,18.009345964201366,2.7645033606356435,3.582678393788304,8.782789395384691,1.9411794021551068,2.187786693203087,1.4962965386146703,6.164090567687776,9.49104158232315,2.460074637387155,0.6827958446511255,1.9849818927136733,0.14034760953532852,0.3722342260644953,0.01636507635372247,1.779312890027632,0.0423756543596773,2.1774763313885703,1.520336395585841,0.17193983614842095,0.4296847548815669,1.4290033455915658,0.023097674274389697,3.722501892299316,0.001745351028690274
il,2.3189166619692942,0.6986559815361426,0.1458472143066305,1.9746869831369434,0.07889550961227745,0.07937088402440866,4.638410951203397,0.5992081875508483,0.24014716390819654,0.20125375578031848,1.6609313850571297,1.0280714077107351,0.4255188719958542,0.34701742135306457,3.358582282413488,0.12623212508613801,0.7828905836807295,2.501408510531196,0.043365301003683056,0.25729944364624074,1.1550565566867175,1.3500991224660053,0.04185762147738471,0.3468612467895903,11.897060710683856,4.515991926277201,1.050719013086704,8.627862052070245,0.20303141553336013,3.713077147733608,18.486816733594843
is,2.7784058301290604,3.6004925535943793,18.138404199382027,2.4256121788066194,0.6832968233976289,0.12335387320304841,0.010195234686304941,1.317985177646157,1.6509853560280763,1.319126038649918,0.7177979204111149,4.8799741577752975,0.03680830704236321,1.1672401727106045,0.08095215839097694,0.5015789326049027,3.8878603422930715,0.3216632501723666,3.958313098965599,0.03520101549035887,0.37484866370517483,0.5602040913094771,1.6542274188844093,9.087100400301692,4.3160541871969,0.009092182362072654,3.7634879516275617,0.606809178433145,2.2246552727170257,7.630671873533943,4.423815154599843
if,1.7775686475095662,37.0068706963689,16.820038834752328,4.3489312570231355,0.009880186117267353,9.668823460486179,0.8880474523817502,0.5869226546057752,4.667400898367185,0.6221375411661338,2.5874055326039915,0.8298630702070942,1.1817079411101021,3.211804380604933,0.02675445990675156,0.009565001774647381,4.86205271251043,3.201910460208932,1.08578304926486,0.039283954061109204,0.006071248298470003,0.7155140132489896,0.12088050486759458,0.005927172055386812,0.07240567177035835,0.22346367797672875,0.185300197479731,0.201066473300415,0.02018476051989053,0.00018567165302129718,0.37210681484247105
mm,0.09931895031775154,0.004968410420984656,0.2827783973993679,2.0629093889606644,0.11481365187866145,0.10393837391823908,0.02955662970234009,2.0234294033011855,0.02943084236639906,1.8903409253825176,0.6227018348201527,0.0257594673499612,0.20392233252484449,2.5002926383867097,0.5611337945400476,0.048143724737971565,0.19923320263657193,0.03198523222805202,2.946353026447245,2.4904680012009446,1.7944302677003063,2.6223897926314197,0.6730703773883153,4.195332015022036,0.08614300046226654,13.13959881480383,3.4940233593149375e-06,6.704869326051257,11.756046436680442,0.7774303677937899,0.5382847000151684
mh,1.3865132131261222,1.9509016943435096,0.45506466223641584,2.3655827034702366,0.09631909669685373,1.883308181622647,6.072126930969052e-08,2.6831967972847233,0.011336804677784366,12.287875257082574,0.3432675898971684,1.4042977812819515,0.1718545460366577,0.7163021906550879,0.34809667631130226,6.353019783810165,0.06528795079282629,4.058894263032317,1.3253879384010985,0.05429294141184567,0.052956153044378236,8.786311788196976,0.37388902750731917,0.0037746205746757347,0.6317572579285461,2.8244346371562745,0.014244059090712372,12.517014644135603,1.781946659102993,0.7453950620075002,0.7750946142574113
b,37.79732811460464,0.6074116991063337,5.0061049829037465,7.767750327528326,7.266975245101514,0.14708581354260764,0.07941978505658304,0.6708870907332711,3.522667870774097,6.681528365390309,2.295735604501831,0.03855019276315962,0.03127950250972758,0.6947828649750629,1.0864867602925157,6.900125419490365,3.5009405687216444,2.2854234261810795,0.6667162282000538,2.6730148876913744,0.943963084666832,0.39423001543797825,0.0372773042815541,0.0034141391178561797,0.03156532153958577,0.07549610669178833,0.3064359829941377,1.0825250972861808,0.36127349861610547,0.2547996769977778,0.15877013746005403
ms,0.24885157039131606,0.01484835070280065,0.015357898232506122,0.2349597948643566,0.05194571317389447,9.285748626475824,0.12437168891881226,0.38632695564305125,0.6215758282717011,0.0010686882327938776,0.4216093965875458,0.31302429383935926,0.4885851816146474,0.1266675074211326,9.527915639761643,7.052617449463701,2.187606707054711,0.04089098674650271,0.4205542716306563,2.439450195871597,4.944167856710354,0.06148203936535038,1.0071589792436402,0.5283756647408321,0.029786237514318453,0.20748573606619108,11.796103791180707,5.370159655191643,1.8785271853430292,1.086887202625816,2.100238830546064
nt,0.8123200983927088,0.0019790380879991564,0.05400804976306055,2.399377221210629,1.1509674343316127,0.41494935057591864,0.11285515846842988,1.407360277550168,5.028486980018903,0.4352218430238272,0.01907351525974063,1.0620501042308077,14.102891859172457,1.6694186227835572,0.8075343642179992,1.556196509334655,8.318416105859209,5.586035499619596,1.220442796873216,4.862465403842106,5.294560265486905,0.052797433676181324,0.0825008022908296,3.712524593794718,0.5297228009914765,0.8131031317970614,0.7281797334868294,3.7474434517032678,1.4427105838504544,0.07652920644047814,0.015273283674769992
ot,1.8915490493079308,1.2961804494543732,0.007923310681148606,3.0625204134709505,0.7533192053854048,0.28860184950033846,0.9186546593781236,0.4837963199497289,1.1188842413682203,0.28279313397353617,1.114854222981795,0.017605104009781453,1.7334012366111178,2.7510993318367327,2.3223319706292966,3.2165369034673115e-07,0.27984033899824645,4.869195033997048,0.05642481710876048,0.005042357398563036,0.10758806512773587,0.6055311314261277,16.231649961560258,4.142473889136785,2.7415915156504753,0.00542710755073927,3.430727402408645,0.02016361965577896,3.9606118695151595,5.886017518030768,0.3574740465097534
ph,0.10258552957609801,0.44291702994784976,1.7031927027355809,0.5303685174902419,4.394911134169903,0.2583358303338903,0.07172009727869198,7.682815039632393,0.12234533168952041,0.15358238179410127,1.3241802009108785,0.5903806127120885,0.001443135430337547,12.741910299442052,0.0028956196007924122,0.936997024917893,4.075740837546888,0.0011828431045904043,0.3306795936715098,2.9525020198558867,1.6920269724060188,1.779361364858416,0.6756679909146319,0.050741634820582006,1.0318883265986187,1.6118288326212833,6.849106423390453,5.204302651347332,0.27672855023561416,0.7421249242740158,3.1299573690880234
sj,0.1692805300005176,0.9384399477237961,0.04864660894178742,0.4172745344223138,2.014033458906908,3.1486654556964235,0.8856607655038655,1.614212746720122,6.461672602693426,0.0070857144400318,1.221306490959086,4.708954135529597,3.7908213000635795,0.0005786302930012739,0.1342356947248188,3.0610820367192444,0.20761592579744054,0.06114221030462996,0.8507725468613911,1.8809965144087841,1.7125530678306466,0.4781762052777178,5.329263748513825,3.1892811736678173,1.7392731405858604,7.6617784946032925,0.01651589109899414,4.233400015550188,3.359580555286862,5.544007906764201,1.0758904922017511
sm,0.2072731166479184,0.45169180034988804,0.2953466189146479,0.24334340638998736,0.02209571618265376,0.2848267802264133,0.22060091428875378,0.9802030512885089,0.4396566404467335,0.5348934555604258,0.16925300358101358,1.3583590408229673,4.835631315255914,0.07220870290398596,0.4259413462358771,5.763485756025637,0.3344874893942628,15.916148033736652,0.06332468305778448,0.7909037224919072,0.3553283699413692,8.277749407103721,3.961273723739036,0.008554474845596417,0.7252670863543021,2.0924876352979918,0.5875141024044481,0.6549049775198392,0.6062959931203348,6.331191504765358,3.462415028366483
sb,4.753450003788139,2.392995370634183,0.018902869378367358,1.6537491630489096,1.6657655944137069,2.0619085726484756,0.7862369614612706,11.463569190267453,0.41099855329259355,0.14797706798802038,0.8456478257703245,2.0287285428714963,0.00011119227519414438,0.19088373921932975,0.06418526857190283,0.12410181062166836,0.019297482025028307,0.5434516816087868,0.4932844440901749,17.94681746673803,2.866796255319594,3.6526713727798312,0.756209566335987,0.06710259551171892,1.6022197131545939,0.011355186480958894,0.17474675191677352,1.1502859020825322,4.421899156207081,5.724171500404609,1.998472536427797
sv,0.717454534960106,7.584954248570193e-05,0.7999353664663985,12.66774599541352,0.5478545284344,2.794396125039786,0.2237788546121727,9.38438999686656e-05,1.8691046653979355,0.9981283378105712,1.227582271555761,0.2611545100083632,4.826105500166989,8.711311952077546,0.5310037808458221,0.10922673800500116,2.707227339743118,3.2988999971549258,2.578661747487442,0.6069139548533715,1.018620695255905,12.503607612117738,3.4601427950745385,0.11903904887135044,0.023325060468377835,5.57620904358078,0.07571735525348323,0.21109801753146407,0.3554542991552621,1.8605383901394812,12.513930640808372
tr,5.919884144031369,0.6401164099117131,0.3646221584110552,6.756395999301121,0.17329614394292497,0.05544310617419501,4.068348787769978,1.1809827868595912,0.35233420575801516,4.436258061429399,2.4493408840704736,0.0386257385996775,3.8138272101486006,0.7848443051820437,1.3208889305651839,14.012844611054485,0.10617918830844396,0.5433240444174938,4.354422478624705,0.00843359712314337,0.06462086001893583,0.14230848379926195,0.8463244540295112,4.51841902481803,0.6887436539516751,1.2681660814273676,3.397036213145136,0.9408500632988521,8.586639383216824,3.4152027721658538,2.3217437777804033
tm,4.461676285364256,2.115007867473454,0.7443064642697242,1.018608908133746,2.386938923882447,1.97917974620992,0.00784103773309807,6.787296595605957,12.978073552342677,8.268521257995332,0.16768292594069148,0.025052634651447744,5.823189600094733,0.19003661571559405,0.09772956715445955,0.06401017595239827,1.9704857793909285,2.906995030230614,1.5924418512413376,0.1740693139494314,6.425337013025887,4.61079777701077,3.752683287490796,0.43501425754850315,4.646120584929354,0.0030121114577987733,0.004174719914734824,2.7300389679029413,2.325328999190549,3.716624526335326,3.2939613516101645
tl,0.47002771742849436,6.387322983691513,0.07805637998972595,0.7030873707079137,8.384658546515972,9.48667760530484,13.688733306914399,0.6006799258462754,2.396314651494032,0.09955946592871004,3.975126335504727,7.95024499365551,0.2817636385344958,1.1080596846917397,1.0907797877824397,0.024625053154069255,0.00764801280141369,0.7015606407156049,0.02925304866826312,0.542602279864431,0.007360087403392046,3.161423738223571,0.16453915508818492,7.268977795670477,1.7512385340850625,0.04947618954560218,0.09570424572317791,0.004321301362159175,4.795715586052511,1.2198142953884628,0.6038414216177937
vl,0.057942652586132085,1.8579845668723227,0.7502103297458965,0.5565085465717343,0.14522617030452986,1.8289182150443357,1.234994015413157,1.7857918191424853,8.42992816189876,0.6590456651335868,0.5931437877600075,0.41665144739117604,2.8697781148237147,1.7939329308165122,21.171969107775556,0.1394672229612057,6.101828621065637,5.152291710576367,2.767353530599134,2.708082859524873,3.919768919105966,0.12303675987947985,1.5310817272098256,1.0786353634501544,1.7184899446823123,9.388362977306718,2.172173939072771,0.10379445049092952,0.806949790181696,4.664651510001794,2.587426195525992
vs,1.9900057825082709,1.3489547292160615,27.962446818574325,2.806486663711433,0.00268785143305807,6.423718822966678,1.9338718504735517,2.0915187519347413,0.7478679592663803,1.250577583993444,1.6139658309082159,0.655883108126513,1.3921249590027434,0.0468869984411936,0.004738407770008239,0.9051465972261424,3.843868744121163,0.9659454837280897,2.5581194937697522,2.384678884558013,2.3200235444873174,1.359320460215508,0.06791320898225858,2.023887021155063,4.795982171264009,0.4828843514274303,1.2981876215674477,12.294336515492535,0.9193442559522546,0.051586103752380645,0.021382262775656236
vn,0.8968513356533226,0.12184787429722159,0.42332909236538596,0.07075594124719105,0.00513745246392559,0.29847168254235285,0.0069172993656177505,1.8330444942409,0.34931802831228753,0.004237121414016083,5.886455994083095,1.0923737663115243,3.0237985889573977,11.720814771034478,7.514542767765375,0.7979310097797796,1.105154900807075,0.5063088359005885,0.18151306154454078,0.005513804461871883,0.6089414763675334,1.4987955448837922,0.1276738638369838,0.0929041056264982,3.308414061320389,2.7576396377060726,8.10780558654571,1.9273705132972319,2.3011496830678815,4.275115956242815,5.6331431075389915
