CountryCode,F1,F2,F3,F4,F5,F6,F7
ABW,-0.018850912169380517,1.145305871289104,-0.36373949185750154,-0.22515776934483198,-0.051785987818908474,-1.0697251423019407,0.3261615450831446
AGO,-0.1857189139555109,-1.1297121353952786,-0.3418708391176678,-0.36528232127406485,-0.26545097012117697,0.475165805518738,-0.12177508117465358
ALB,0.02465542410220057,0.19139236517515804,0.9796329068810807,-0.8080828160972781,1.3513258465702391,-1.0996344205473423,-0.24665740067632044
AND,0.013620086597772816,1.5958222504796173,0.19181632813521404,-0.44555685941734663,-0.2955806629803212,0.09216788673320007,-0.47903867377848797
ARE,0.031052831974361313,1.178539691659593,0.19403946886224221,0.13649184692179187,-0.44957466011626845,0.10254282405306617,-1.5038644592814399
ARG,-0.178884253651371,0.832870509344052,-0.21217045388380465,-0.6268695221581606,-0.6767727425007153,-0.7192795182178402,0.568839038172815
ARM,1.395102231330749,-0.9224468876123333,7.227591593037609,-0.8664566500018183,-0.2013137739003857,-0.5793735953733529,-1.5343925266813059
ASM,0.7054157291710527,-0.7098281277879783,0.48207105492001623,0.15470172719496297,-0.02563712521894007,0.8076855414816001,0.5592176744159565
ATG,-0.19592858962066864,0.4615844073698726,-0.07519523349766387,-0.207680281023307,-0.10429689842981599,-0.10512251928492748,-0.4305259824546106
AUS,-0.07102574234993551,1.3454097515027394,0.18982931914312734,-0.6163817581862745,0.3195519991580052,0.056999722179723974,-0.27301750934815633
AUT,-0.21525364663923552,1.2441525939578404,-0.5254005527698798,-0.1189715586551052,1.0163612787442624,0.9626997797577624,0.9963336004312144
AZE,-0.2798292343922776,0.9531720102160879,-0.6278060890839549,-0.8559871725123789,1.269081819896358,-0.8961214103612258,-0.7412544818498872
BDI,-0.08838992202302969,-1.6865601115479512,-0.6648369894971614,0.2853781152367671,1.6253006963828638,0.4137102181037262,-0.05608092237529012
BEL,-0.2072054561540791,1.4301027697556516,-0.532110195075507,0.03051571156141338,1.4676430386617243,0.8548247347616834,0.9986834959445199
BEN,-0.1555104578688447,-1.380220380337862,-0.32245455095490544,-0.5545445094632766,-0.018679499666451792,0.5508940735086468,-0.1954271572976316
BFA,-0.12027264570823423,-1.3743008047217546,-0.607038748195087,-0.7155703136117215,1.3458156411586002,0.3280893445846066,-0.132960415639374
BGD,0.08238484952516052,-1.586431668788684,0.7656574968588854,-0.39577504695813803,1.3912515520491706,-0.1170599459671115,-0.45915378542166474
BGR,0.23169642338649404,-0.03485370107977549,1.6221278388214369,1.2351507961527117,-0.36229715464240647,-0.4669789264733525,0.21009280532851715
BHR,-0.2828648951082673,1.5987534777378984,-0.3741872020629747,-0.335027342145612,-0.18553540423816897,-0.6971650146981043,-0.8622964720491868
BHS,-0.28694845440335576,1.161625379563016,-0.492337780417571,-0.5446310358292605,-0.025276902829660542,-0.6575525099707614,-0.1410896382781954
BIH,0.1670786010583427,0.2733962967986339,1.8432433837168292,-1.0837883246998563,0.3571877418648505,-0.281265021095597,1.2527415323062192
BLR,-0.10587594362635876,-0.09981088280274128,2.9175403845167014,-0.09211184368731477,1.3909264563106885,0.22687874344937603,0.7200961704542204
BLZ,0.02620758651033462,-0.20467202902841042,-0.01928795271105415,-0.5883354413479238,-1.886812364681657,-0.09546617189809603,0.826921986965701
BMU,-0.044117494010701246,2.399849656833281,-0.7844977414448224,-0.3681333304984268,-0.2016693929903424,-0.8446344511684452,-0.9026800085495166
BOL,-0.06342600467429417,-0.12335718181842852,0.0019369792647827215,-0.5358882456514971,-1.3871953820838534,-0.35101902508178723,0.1634843141448004
BRA,-0.18847748938016567,0.4636583319498356,-0.3506388010176968,-0.13251706603123584,-1.666851459385552,-0.37919484975401435,0.5390316087118318
BRB,-0.15118444815862123,1.1008353868276293,-0.02645911940823834,-0.16456128451280597,-0.07295988309263698,-0.8028521258891416,0.6844589292073446
BRN,-0.17709380419929374,0.6736584984629392,-0.622750629870042,-0.7063632380385896,0.07951441765980732,-0.543749653360028,-0.3177676723597123
BTN,-0.27816648128887633,-0.6099561085274391,0.9500177035778908,-0.5490194137109283,0.13678072746313838,-0.6364750318245984,-0.4854394627301103
BWA,-0.10234548056055566,-0.7190130824674452,-0.32393071129320844,-0.1924536092206815,-2.292653756002475,0.138913172640799,1.635289993162049
CAF,-0.11971829785638215,-1.4719402711695266,-0.20076191137751692,0.39982959061729456,-2.0116804933329617,0.7616575281802297,-0.05634922912492841
CAN,-0.09276574303685267,1.515812811507414,0.5422126179867166,-0.27097438265026574,0.23337002609190216,0.3069338860676293,-0.6507398609791516
CHE,-0.006395330277964614,1.3946699506659088,-0.563742922912334,0.5116245081224655,0.8120757761341757,2.9375147408905478,0.7432714267029603
CHI,-0.11623080505622028,0.09233651135718848,-0.5580652781431767,0.05497464025413595,0.1130215596478137,-0.18352267128880215,-0.060755750640742644
CHL,-0.22211220203495946,0.7210328055858597,-0.45931582345253047,-0.1581561519780753,-1.265197597956396,-0.17542561291445175,0.304069001719571
CHN,-0.2235450140731464,0.10473135342015066,-0.5141971821711719,0.6433297521417843,-0.574000557614348,-0.1673682033041772,-0.3670738896669881
CMR,-0.09609566881213691,-1.0459357069909456,-0.355532857353509,0.4507043330985727,-0.9454148077106608,-0.3215771653903772,-0.7857866826266939
COD,-0.12102418632844923,-1.4632284822876371,-0.4151326978906543,0.42213338055603017,-0.23551810327802697,-0.16385478280355947,-0.935964661035295
COG,-0.10807422882349314,-1.3721744098648552,-0.31693191133337756,0.5705514489109473,-1.1293176325394478,-0.14828580648687004,-0.19596683823556715
COL,-0.22669829123883678,0.40243239919382967,-0.21103159933383064,-0.3812648809352088,-1.8782919444562092,-0.38980984939423646,0.09505462977680228
COM,-0.13952562838688456,-1.4173991057407305,-0.23625391473133617,0.4694746668292243,-1.7003757000570427,0.786897491540448,0.19515371976377374
CPV,-0.14436326738087243,-0.2552130958330752,-0.5186151974517419,0.20883484941382685,-0.8689616193769139,-0.1675615627998836,0.18933510942169623
CRI,-0.10881966754349237,0.24334968893534,0.14671758035563642,-0.49150326316027787,-1.283215713989068,0.15925445595462887,0.8814770628292706
CUW,-0.3240631688684581,0.3202871335654661,-0.5043567570921839,-0.10805285007011707,0.012040306824096103,0.37972273750696206,-0.6408775829484101
CYM,-0.5917567590387702,1.000344066579724,0.8730699335812999,-0.10943428558061202,-0.1261514029769162,-0.6513468975456084,0.21802224387181404
CYP,-0.04029568502065561,0.6285633687588986,0.24860945875104623,-0.8954456025042974,0.9025724414178288,0.8483822461603454,1.2176061259475501
CZE,-0.042378923731819305,0.9333953075140085,-0.31928861421127513,0.5341842539886564,1.8394174392207192,-0.68288227448998,0.07513921534530912
DEU,-0.2711850706735093,1.5139599648897075,-0.6513430963654606,-0.21772701703278557,1.2321190968520408,0.875915644861046,0.8944651347662574
DMA,-0.05469673305989782,0.5996373241338753,0.09476678121023899,-0.5710977866534948,-0.05591298117500724,-0.5693108616329593,0.34608480606940917
DNK,-0.08390253010472472,1.425084782677333,0.032246185453199995,1.6683821580503342,0.9617272829730055,0.658842282150376,1.094266520869596
DOM,-0.11269447672805737,0.1174546866794058,-0.26836060956643476,-0.5422163771995085,-0.9096656846330589,-0.5332598283546636,-0.2505233841631146
DZA,-0.12544957863079803,-0.480667195010844,-0.44768664667642494,-0.6539579157217218,0.29968198140258573,-0.18192389015265373,0.016242341234673028
ECU,-0.2142702034391107,0.09639243979429973,-0.3898093376526657,-0.365211439675006,-0.7786377252166323,-0.5736757501637891,-0.5111353758430758
EGY,-0.17548150033786708,-0.3164776330020009,0.0031616140098722416,-0.8852887918609299,0.16921647080471586,0.19067090830036842,-0.023236929634108006
ERI,-0.11601246886941065,-1.6999582037144836,-0.40794361816886465,0.3386797056880818,0.2790063470435962,0.7522522305230801,-0.32599157106219184
ESP,-0.21126034913062525,1.223344706584206,-0.5122041727713899,0.14330247554308004,0.016426127789519344,-0.10805985778199209,1.3679661779376941
EST,-0.10947663545640593,1.1508581019380593,1.3709434283229358,0.7796210374165747,0.058328808929492174,-0.12834845801091632,-0.1329342064178934
ETH,-0.10654067064249428,-1.4647915473859274,-0.5547576585233787,0.03758504460407651,1.3051890429861246,0.09343136389089302,-0.0852632220203074
FIN,0.17426591611377834,1.3405293250345716,-0.4033736938283136,0.40594031193323205,1.6649052277838579,0.9480139952880685,1.116649150086793
FJI,-0.058557653651112915,-0.21114676649250289,-0.596331377010344,-0.4242365716242521,-0.11954137923465241,-0.20134197476114804,0.0454646107352353
FRA,-0.30922450016556635,1.4102364975348372,-0.6452016385210659,0.5944005442754966,0.7840149237802112,0.8685572158809545,1.0735644245355227
FRO,13.360993388324404,0.24605103200526995,-1.7373034881468405,-0.5847240999282114,-0.26047719104863754,-0.5800687197789711,0.01790205469171108
GAB,-0.08567119091711874,-0.9769249468236239,-0.5435054500771324,-0.33596879188651635,-0.03914937368285712,0.008011332062194608,0.6699582866603309
GBR,-0.2165773013406893,1.6503406161265888,0.06534135215892883,-0.10322279428054594,0.55655148205913,0.6201627847983328,0.5704796960777079
GEO,-0.018632899481642935,-0.29246127702147307,1.2018837537246898,0.3783243554265781,-0.5552667155906419,-0.5466394198226793,-0.8563600405972831
GHA,-0.1395531120138982,-0.9268932737771153,-0.3360692919551825,-0.20418056070636725,-0.34176208214051895,0.15119299019608604,0.14313100876888418
GIB,0.23242830225844202,0.5035482490253853,0.790966424544552,0.16171327799432578,0.024257155597308278,-0.6044696127669702,0.932718730834058
GIN,-0.15377893885321223,-1.48939827430362,-0.4444122248153189,-0.6667744787760972,1.1831964353019169,0.42180847559876455,-0.37569538755374327
GMB,-0.18207742556488374,-0.994410055519628,-0.2823707305350158,-0.6671714819333487,-0.8097344831764536,0.4584992337651485,-0.2525051680720399
GNQ,-0.11049327792125377,-1.0596841405256685,-0.4898494343122151,0.24389723931544804,0.22232655182934813,0.35557405943757664,-0.26602485891786337
GRC,-0.14100786515048533,0.8861923672914765,0.2025498940042282,-0.6678880649918977,-0.051938684504139875,-0.43263439034516865,1.1776172711408546
GRD,-0.24407604161773977,0.20348936942279172,0.04462851140562291,0.04099835472247956,-0.01283770953010255,-0.6630691858308096,-0.056070673825785886
GRL,-0.09277541488245256,0.8465500774510547,-0.8251302975726913,-0.07541750455104823,0.0449746746975453,-0.5614472097380062,-0.23882368348344493
GTM,-0.16226104811996625,-0.6863081604889936,-0.27900684023522543,-0.5111008953067611,-1.0730927996591175,0.2483452307545002,-0.16478549529708333
GUM,-0.10756434155405924,0.6103315838928142,-0.6141463920875014,-0.08745215141551602,0.003614725531108791,-0.593292855895679,-0.2018230670523187
GUY,-0.27288941879974815,-0.2187903604946562,-0.14683658867400534,-0.7232663094848782,-0.8288601892408073,-0.029288244528940764,-0.03739585185043156
HKG,0.24206482289834957,-0.027076221005157292,-0.4140967254550505,7.32945356071946,-0.9947724710510247,-0.9289600111630821,-0.8292595854382205
HND,-0.1499500918894524,-0.8078534607104588,-0.23179368760821636,-0.24312744221733426,-1.4786914596778018,-0.2985310253068765,0.0014113624335243752
HRV,0.17693406846525533,0.625850300693943,1.8491971487991186,-0.8313604781677576,0.26369192264536595,-0.5580963462805693,0.5734795927430402
HTI,-0.16578643965382023,-1.1167860874749145,-0.02719782947284975,-0.06851026102441758,-2.742828475219711,0.621850027743443,-0.07227990098744497
HUN,-0.12124830455292639,0.8816497645668925,-0.0858516825095036,0.510112419399045,0.9147277158211271,-0.46658235816048266,0.09416558304399086
IDN,-0.08537191518028912,-0.9714997247526128,-0.5158080653422227,-0.3762475142556043,0.5787995381655053,-0.4680777305837262,-0.6385689228324986
IMN,-0.018965844240218646,0.20958145794253014,0.1522030281836201,-0.11402900222496964,-0.10837543092989547,-0.4626744141087019,-0.25420178288265005
IND,0.048378770279008936,-1.0615943115759356,0.048152276534525744,-0.3950145045211515,1.1027651213544358,-0.38260347410552215,-0.9983374195164387
IRL,-0.12186247957532659,0.5706648280637214,0.8303108508072299,-0.26550137586271116,0.43204143156459235,3.732250597448097,0.22116104693909341
ISL,0.18035047786857467,1.1594329819311808,0.7980802117144872,1.7989209038247638,1.023574828075196,1.124147577605048,0.6181520600549943
ISR,-0.025551269436144417,1.1480525815198073,0.23313123964657678,0.0976409558974336,-1.0361440293990547,0.28853109091133533,0.18288076009928023
ITA,-0.24498232060622321,0.787110538520708,-0.39835571253432034,-0.7624740666117682,0.32337931512138335,0.29035467278074345,0.8844376160236098
JAM,0.12666777106359053,-0.3898160042136252,0.7682787702577946,-0.6477978015732246,-0.8375588279901732,0.22776628029091503,0.9115724718776138
JOR,-0.15140479504329807,0.061022213438362165,-0.2340718549182303,-0.6220248046938193,0.15925043992196167,-0.2167996391865809,-0.06358298244838595
JPN,-0.3588220039041189,1.4780185358742677,-0.7000579005227551,1.141622927064866,0.5731566785027252,-1.1778525975158227,-0.9612885125104698
KAZ,-0.15636917275117795,0.4134509571207669,-0.7267887720819002,0.41977685471151444,2.0891406465179605,-1.0925128369751693,-1.0939036645642475
KEN,-0.09682566750496954,-0.2586565518746202,-0.2052705270137012,-0.20988164418496102,-1.0492049521943208,-0.16913183063291493,0.43574727888448944
KGZ,-0.032596455157661665,-0.9047154663546801,-0.5860005906224617,0.1726141837642708,2.3776077067741572,-0.9685125840584039,-0.2686908959167508
KHM,-0.06535700275954465,-1.242306140385426,-0.5833594524888349,-0.0663542002493483,1.7756118206071996,-0.6511113230212249,-1.309250911466109
KIR,-0.044039816752176705,-1.2511048435252574,-0.552585134595834,0.4898175033197794,0.4601501275138767,-0.04436820261927423,1.4998468664217064
KNA,-0.3024574047126054,0.8477202124257011,0.2724037285992772,-0.05971123420233644,-0.12512154317614654,-0.7941857793989032,0.12449413593453633
KOR,-0.2539706397959743,1.1561825474921879,-0.7184815283755666,2.0532334789780786,-0.18995103349232592,-1.2587349443402194,-0.23180112685434376
KWT,-0.15553256989317113,0.8997588207756921,-0.6946333289373819,-0.4839260770671051,-0.04074065849572661,-0.5797849678641165,-0.6859861776773306
LAO,-0.12995924345470838,-1.1140312924222577,-0.5336633408674215,-0.1836877331011277,0.691931405178346,-0.3950079053992016,-0.984497701107484
LBN,-0.32153441454726717,1.1371538982430618,-0.36670389632522354,-0.9980221942849842,0.052028078949470896,-0.6004343163098756,-0.6378910343480705
LCA,-0.27374137901602313,0.03275052418922636,0.08528335461110577,0.06392472612113098,-0.6271374462552463,-0.2713875383953652,0.39329645916614037
LIE,-0.29465430644475027,1.9580843936523664,-0.6240895266030743,-0.7898480883151577,-0.3704392311882398,1.2735467803294769,-2.2047082383440695
LKA,0.06267579142079106,-1.0632306003709004,0.6357770915680303,0.08500000111945229,0.18409511078969668,0.4890008686910591,-1.305372874090269
LSO,-0.08390509471249204,-1.1037987925533328,-0.3647328265659352,0.1337021661277858,-1.7668529262324755,-0.0441529414872712,2.6775401663420646
LTU,0.12615969425338827,0.22054287213448967,1.8213210744280721,2.835771928708751,-0.5104247063759163,-1.0011175504021377,0.09412386958046444
LUX,0.5059604929145031,1.0862502350028345,-6.509808574016047e-05,0.3859957774836306,-0.16471605364470096,5.647303020984892,0.001032268974737146
LVA,0.07617901367141827,0.6074239470992585,1.4154759915340447,2.2263684991920365,-0.48982054401822195,-0.9989416833698106,-0.02688271547679196
MAC,-0.2846978434901636,1.1879592462427415,-0.6794587390314816,-0.28365414983079335,-0.12056590077730711,0.17861490358108165,-1.477876518088353
MAR,-0.06766742824607187,0.1476849097506629,-0.24266381492137398,-0.8108093159755706,0.08240339788246961,-0.11227862470388221,0.18793017242770085
MCO,0.5786506151627878,2.433759078653517,1.1716379054870247,-1.5144836631635115,-1.219375907893091,2.056197259527331,-4.081207978685851
MDA,0.5045288379360224,-0.24082183892338832,1.090087391842392,-0.2194467726703605,1.7592115139941216,-0.4612495946256166,-0.38699422104227704
MDG,-0.10554407013424585,-1.5811776564244955,-0.3214174425660252,0.4318142327338001,-0.2356492501605193,0.504532066191941,-0.2965985351670856
MDV,-0.012986220400021172,-0.004769278442683191,-0.2073139422827683,-0.02317177817120866,0.07275901429772061,-0.3329320324689138,0.028233067710809044
MEX,-0.1980852781449954,0.2913182795836544,-0.4947300245666,-0.05981683761045792,-0.9489335881505362,-0.5637998418468639,-0.5358746152782539
MKD,0.9412742747162791,-0.2170342057251239,4.745911445770219,-0.7461527664973859,-1.5717052408504226,-0.3896217397491051,1.266713131923226
MLI,-0.13294019054982117,-1.392403934571851,-0.5505465136952475,-0.5690962634955866,1.367760704828392,0.2741313237364314,-0.11403309884102682
MLT,-0.1061360008586214,0.8382632179388908,1.4821135332849524,-0.23584920289421407,-0.3770691920906676,0.3822515696106693,0.3916620766785431
MMR,-0.12470514136859687,-1.1222081391951702,-0.4314312737824185,-0.1705556005777058,0.24388517746287097,0.1502899530779701,-0.7272678097725935
MNE,0.1462745296341474,0.04813849160019415,1.9762783889799131,-0.9244363133039444,0.9682523904307944,-0.6652665042476325,0.6021008425089662
MNG,-0.04494549252829067,-1.1014097407134154,-0.44032518580824836,0.5808434884031051,1.3245803646695573,-0.46569658594598895,-0.35538742694581427
MOZ,-0.13131234998544064,-1.3162881888212166,-0.4311887776067611,-0.4272199225715645,-0.38422851076219056,0.43314823723398005,1.0327043311443995
MRT,-0.09454107374699355,-1.2610459685657123,-0.6787312512843808,-0.335430557199706,1.261776905255199,0.06385975089800101,0.6865961647431889
MUS,-0.15432797408000132,-0.048433473410772185,0.06845714025778703,0.020820482360795586,0.5823405892034341,-0.5299850443594128,-0.3468166411091527
MWI,-0.15958649980783488,-1.2994163214702568,-0.35559554239170305,-0.47713389899709613,-0.3833452423680571,0.47284538596424125,0.3979163756910951
MYS,-0.2314259281809175,0.7462473150297336,-0.19961153734103587,-0.4127152249489292,-1.0823071373482602,-0.13480358771989398,-0.14935554620419472
NAM,-0.10434562189185641,-0.9217098356875838,-0.36880145631777905,0.08235377341300572,-2.2235206013263924,0.36424826925444564,1.4200597132155914
NCL,-0.27945758475619153,1.0656243851127498,-0.772854314474969,-0.7688757971175004,0.09153906491788459,-0.31859032355666106,-0.13000224124521906
NER,-0.1287458954687175,-1.6616107976837795,-0.5643772604594892,-0.5355490721174264,1.3609506306105206,0.7810917841695622,0.27533826323968047
NGA,-0.18574879719261397,-0.13460485693273225,-0.47439464123888775,-0.5030188465863921,-0.43883575382098294,-0.27213608957615665,-0.3157206830992778
NIC,-0.10209379746394268,-0.9177370565112645,-0.235132437475626,-0.3260480232633921,-0.7533930051241708,-0.20142377441311718,-0.23482172084036204
NLD,0.08610862208218285,1.3653940359225938,-0.13032171640351536,1.0403619866923968,1.2248014415171775,1.3976603742111304,0.7852911366633275
NOR,0.5626844973133479,1.2072688448799131,-0.008313441448671273,0.7065231004089378,1.4152349922790686,3.2478387659820993,1.1301329571065517
NPL,-0.011494722093798737,-1.2998359500519436,0.12306870791132489,-0.3777696847818289,1.283807677880604,0.2607932551782538,-0.26173680784216746
NZL,0.036680127606263664,1.258807157754748,0.6782188278325728,0.1524534197583179,-0.3160414983272059,-0.2964350088820722,0.1440811300633485
OMN,-0.15260145959955143,0.7617824200967098,-0.7377520666077525,-0.4710929697450339,0.07260603202064457,-0.5797165799721113,0.05427717705136895
PAK,0.14511502866156198,-1.3097264249918004,0.42491931922244863,-0.7721646115115423,1.6571544817633643,-0.18787282021072596,-1.3418675536260014
PAN,-0.19877068131700226,0.1962110477635825,-0.1535576556911227,-0.47545497662779673,-1.72125805247721,-0.011702573704383561,-0.32159867190692587
PER,-0.21427451664211566,-0.09190422866301161,-0.32657336727100245,-0.5414048710562577,-0.7517296816054961,-0.3142543370142787,-0.44412103684618986
PHL,-0.010886091685502246,-0.44771699159778744,0.7159913489724152,-0.6624486351705943,-0.4440253487557814,0.046855084762473784,-0.8943484169325675
PLW,-0.3381796512836992,-0.027498148057893558,-0.03972550927305007,0.12055455485330849,0.07801316186546224,-0.4529759883808374,0.589181894632634
PNG,-0.14422001201011042,-1.3142446803621297,-0.2581943517677607,-0.15408588952927463,-0.478479956801215,0.2937608746430821,0.6308917731342832
POL,-0.06561538959003964,0.6178450789445326,-0.28048222201772277,0.06813329504957248,1.030403780911298,-0.4402355388983849,0.23761110308827668
PRI,-0.19623788895490876,1.1586850953672903,-0.6798677521832581,-0.455786183960244,0.10005273880948315,-0.6253801493449967,0.5168307252496587
PRT,0.03006576820301303,0.7299992235996859,0.14287470900102556,0.19002446550727287,0.11590363311354342,0.1488724981997786,0.7546508502581041
PRY,-0.18931664637925544,-0.14136326417198677,-0.2894155592448354,-0.4069363455220738,-1.5181635984933814,-0.1692018751841961,0.02617379343747642
PYF,-0.1862321172499978,0.6268186561303752,-0.7298922389468672,-0.006905574328710815,0.0797196210138322,-0.6392415638295715,0.11992456006987814
QAT,-0.18409437357709152,1.3638449536253774,-0.435532529912304,-0.5312108036081515,-0.27385390974100127,0.3310716856053778,-1.9221020220010439
ROU,0.34683593852206457,-0.29296684978028836,0.90781704504392,2.7321916097434067,1.0280245320413786,-0.5373318132256594,-0.6554028034532701
RUS,-0.040967134114055,0.46660527667466195,0.6281499005207308,1.2351999204130186,-0.6446053498371734,-0.4182357715974054,-0.16025807988866858
RWA,-0.10372279510544972,-1.1117496958948805,-0.4527132430085827,0.173842073080566,-0.9050085950567205,-0.27861002117210204,-0.6763656030214763
SAU,-0.2363547811382282,0.7125384262011724,-0.5352237758848514,-0.4415740101811218,0.09853090502045614,-0.3003605711854048,-0.6108706940478027
SEN,-0.12548474372513604,-0.8612166843587146,-0.5616507917095676,-0.289359292108228,0.1392016502595029,-0.6666965293855391,-0.12692004243908883
SGP,0.2273809868925756,-0.1279003742790041,0.6482745086497367,6.521850183430842,-1.2713517046904175,1.501700985552899,-1.5850120541480905
SLE,-0.1874653521636441,-1.4376784621796035,-0.444669699596636,0.30740831290819565,1.19752297994726,0.31611247600832604,-0.24878995128085846
SLV,-0.07921619464181563,-0.7074271645769483,-0.30607011671366613,-0.4006800561216085,-0.16502288623206637,-0.3700371063851751,-0.1872767739905865
SMR,-0.2880287742725375,0.477005192712209,-0.522859368886048,-0.06988875748213125,0.033132712521679354,0.6679422141072944,-0.6185751442722099
SOM,-0.09537981646368708,-1.6507300114567531,-0.39368488010099234,0.3588362467610622,0.29764830415653354,0.5594699986502641,-0.23337914550460404
SRB,-0.6224544357082835,-0.24925289873677314,3.648742335507189,-0.935187794434282,0.9375567923278799,-0.6878010073642142,0.9515491444954634
STP,-0.1425357188005098,-0.9677551542701037,-0.6144223039474508,0.10075743077731725,1.4895313865300042,-0.02286094396897936,-0.20375179193374388
SUR,-0.1458761764364914,-0.30852919413632657,-0.412706098605243,-0.5430543984915053,-1.0072299907573026,0.2740908002632645,0.09867905856396314
SVK,-0.13019309115655728,1.113155598485625,-0.4507365573848967,0.16897505578618474,1.5446335278838033,-0.768942648163174,0.36305076517625456
SVN,0.03353284274050244,0.7471871165917873,0.717350760713562,-0.2825417859752473,1.7116537895416426,0.27084380543870823,0.5775567382141185
SWE,0.3137128981759926,1.0729458589718508,-0.07327012845826456,1.695094247951632,1.1308503484101693,1.6263074179226393,1.1791466279683043
SWZ,-0.14839068456130572,-0.5821257800502031,-0.4065263935006988,-0.5121809299661421,-1.288637588865858,0.07133975150157032,1.2755857987084893
SYC,0.014191698833366228,0.13749494734967782,-0.3480086737515696,0.03671971402515789,-0.7755199638337876,-0.5086611821212844,-0.10982746960392509
TGO,-0.14952482874492654,-1.2635539591431912,-0.32371774081930327,-0.3746923232985638,-0.6250818883049752,-0.25683956664661584,-0.4955203673617673
THA,-0.13114146942092886,-0.42497022659817757,-0.5549854183927087,0.4877351519951045,0.44229544561934214,-0.22446188063279074,-0.6031484939825084
TJK,-0.049755394129443554,-1.4073658970635143,-0.7166029441144407,0.7899404418941662,1.6542489462188439,0.02585674019758378,0.2558859515710827
TKM,-0.11618538066332393,-1.2590781938228226,-0.4718878231687373,0.26019451136875016,0.04464894761912628,0.45208730991537827,-0.1617585327462073
TON,0.05332078934426651,-0.3628136572819316,-0.6195933695716753,0.14049470196453012,0.3392461001689553,-0.7524357304469239,0.3124874230851091
TTO,-0.24965054728476818,0.9123492016581926,-0.20591164410901408,-0.5533502343060689,-0.4422469708977745,-0.4789765953385465,-0.32816405910532637
TUN,0.2999917791038974,-0.4798625399738074,0.844482326897744,-0.8582347532295931,0.3452097643726046,0.8678780976548356,0.6801914930782317
TUR,-0.16196315357674088,0.2740058791323003,-0.48402844651913696,-0.2687210951495926,-0.09022323539358798,-0.5968273525792793,-0.07786433220279539
TZA,-0.11246984724204342,-1.4608560609030081,-0.5439107515156304,-0.23563129301784702,0.7836582996588718,-0.35272453763518363,-0.8405573684794649
UGA,-0.12703001030200722,-0.9832423710891531,-0.44732550519493247,-0.288632922355694,0.164077360684767,-0.5225264043528791,-0.9907264132996941
UKR,0.4489140366353089,-1.1418434612806072,4.069799540497637,0.6733916426451776,1.687411104617698,-0.20686386683653016,0.0022301029705225827
URY,-0.1119364014209964,0.548012664215105,0.46210215073184197,0.11946854427703453,-0.7387257792464298,0.5082263800152149,0.4136872091716592
USA,-0.1786988317567633,1.158577113912084,0.4089407720143907,0.3888391150293043,-0.887560466340846,0.3246659425123425,0.05505833673732087
UZB,-0.17919911362259275,-0.3024102928457313,-0.5664791122128681,-0.6692955756306033,0.8696123739027241,-0.23379178594118788,-0.07316778038785089
VCT,-0.23795216767105165,0.17900808578942728,-0.1904895101225665,-0.03333146531180358,0.04996106442736623,-0.6403390741116618,0.44816859699589656
VEN,-0.1605247151803158,0.5737743421772085,-0.05542058250298405,-0.7244499515513857,-1.4615322336584673,-0.4057660141214928,0.5920528483303543
VGB,-0.10707298883256726,0.2717610368315167,-0.256993796476366,0.02721952656261393,0.02337493601162587,-0.06059623285009481,0.23325312414727975
VIR,0.2512843876198639,-0.094001617123082,-0.41776759596384944,0.010380015405101427,0.05008902766840385,0.40075935646698974,0.033300665717920425
VNM,-0.11135046614397803,-0.11555365309745641,-0.4064280182991089,0.6985362305798813,0.22450944094879163,-0.8960247705585908,-0.41180996543891124
VUT,-0.03178620976010918,-1.1869646922429498,-0.5766316546134677,0.6042485329603858,0.5296124342768114,0.2525560580053711,0.3381136832054192
WSM,0.1495755167948234,-1.1281487851984517,-0.23532709112252714,0.2971899751075622,-0.045501003859003915,0.43500592914503017,0.40428066855531664
YEM,-0.12223580790147756,-0.905779951136476,-0.5870961077713357,0.21625906011168575,0.26337041020495516,0.00496612981062373,0.38506057782516484
ZAF,-0.14798950080915957,0.1577758387594566,-0.2999193025004363,-0.410352244392288,-2.8134455886228746,0.0071147071953252565,1.214967195219769
ZMB,-0.13440976159338858,-0.9554612835559441,-0.266983988480258,-0.07905199398018613,-1.7611958832563575,0.3912572656336552,-0.014052312892366806
