CountryID,F1,F2,F3,F4,F5
4,-0.6297,-0.0245,0.1289,-0.27148,0.06172
8,-0.40858,0.11521,-0.22816,0.40081,-0.34902
12,-0.5064,0.02111,-0.02659,0.02052,0.01756
20,0.71582,1.02956,-0.51808,-0.83485,0.02543
24,-0.58024,-0.10281,0.0139,-0.23731,-0.05244
28,-0.04881,0.41051,-0.1335,-0.03806,-0.05984
31,-0.47102,-0.12535,-0.02225,-0.10141,0.04631
32,-0.3172,-0.06031,-0.30003,0.05014,-0.13674
36,1.40414,0.60503,-1.63328,1.52576,0.25476
40,1.28485,-0.05206,-0.41997,0.55286,0.43324
44,0.29111,0.73419,-0.19415,-0.82687,0.20912
48,0.32422,0.29605,1.05611,0.2676,2.47756
50,-0.5491,-0.03358,0.02362,-0.17794,0.07331
51,-0.46625,-0.01066,-0.06623,0.01185,-0.10683
52,-0.04274,0.2276,-0.21627,-0.37774,-0.17024
56,1.20468,0.49302,0.99219,0.40927,0.78131
60,2.25981,1.35302,-0.79676,-3.13311,-2.08418
64,-0.52688,-0.0661,-0.07984,-0.0095,-0.21723
68,-0.53414,-0.09559,-0.06048,-0.05615,-0.19159
70,-0.37905,0.11571,0.10717,-0.01174,0.33194
72,-0.39857,0.04184,-0.04031,-0.18478,-0.0299
76,-0.41595,-0.06346,-0.20712,0.00165,-0.25575
84,-0.43103,0.04656,-0.03236,-0.07728,-0.15213
90,-0.56139,-0.08312,-0.16529,0.15065,-0.45661
92,0.88954,-0.26216,0.63137,-2.09938,-2.44493
96,0.38991,-1.33288,0.29187,0.26757,1.61227
100,-0.21137,0.29725,0.30998,0.12312,0.61163
104,-0.60095,-0.10595,0.00363,-0.17513,-0.14142
108,-0.63393,-0.11139,0.04929,-0.30406,-0.12683
112,-0.37444,-0.10487,0.07976,0.12459,0.08131
116,-0.56781,-0.08603,-0.02801,-0.11288,-0.2167
120,-0.58262,-0.00997,0.06463,-0.16068,0.02922
124,1.07987,0.23475,-1.155,0.33735,-0.1008
132,-0.50509,0.0523,0.05776,-0.17187,0.08607
136,1.72899,1.22637,0.14141,-1.81664,-1.3483
140,-0.62693,-0.02973,0.11826,-0.26473,0.05584
144,-0.49803,-0.07473,-0.05382,-0.13143,-0.05069
148,-0.61296,-0.06309,0.00199,-0.07575,-0.16755
152,-0.09908,0.07826,-0.17123,0.11773,0.36492
156,-0.18476,-0.20601,-0.35657,0.49161,0.29468
170,-0.44009,-0.03205,-0.1155,-0.08558,-0.05856
174,-0.58692,-0.07617,-0.1003,-0.00876,-0.35184
178,-0.57832,-0.13059,0.05622,-0.23681,-0.06076
180,-0.62445,-0.12385,0.05303,-0.30189,-0.1017
184,-0.0339,0.30943,0.24164,-0.03925,-0.33251
188,-0.23187,0.05109,-0.06398,0.01493,0.1395
191,-0.06193,0.12212,-0.06484,0.14905,0.0072
192,-0.29432,0.18584,-0.2979,-0.15873,-0.07256
196,0.50985,0.05315,0.06879,0.0131,-1.3902
203,0.37222,0.2871,0.69897,0.64346,1.75168
204,-0.59464,-0.07723,-0.02968,-0.10644,-0.21928
208,1.67078,0.33484,-0.14218,0.84465,0.15756
212,-0.35636,0.23198,-0.22433,0.63374,-0.39921
214,-0.30371,0.00824,-0.2712,-0.02,-0.08916
218,-0.43107,-0.062,-0.15241,0.03522,-0.1097
222,-0.47392,-0.0675,-0.01929,-0.23132,-0.0598
226,-0.39245,-0.38891,-0.04773,-0.18939,0.1043
231,-0.61185,-0.05889,-0.00078,-0.16055,-0.16285
232,-0.61933,-0.01802,0.12191,-0.27994,0.06449
233,0.4157,0.24117,0.43362,0.49117,0.49349
242,-0.47996,-0.03794,-0.11801,0.12249,-0.30189
246,1.17496,0.09694,-0.93165,1.33471,0.09374
250,0.79702,0.61788,-0.53556,0.5136,0.37304
258,0.01223,0.387,-0.27138,0.10997,-0.10134
262,-0.47646,0.28345,0.56125,-0.24482,0.60077
266,-0.40721,-0.1226,0.04913,0.13688,0.28737
268,-0.4563,-0.01147,-0.01026,-0.19364,-0.0915
270,-0.61077,0.00378,0.09757,-0.25452,0.04248
275,-0.5068,-0.03202,-0.03154,-0.2576,-0.10172
276,1.09238,-0.07116,-0.16809,0.49931,1.45478
288,-0.55499,-0.05696,-0.04099,-0.05249,-0.16673
296,-0.5691,-0.07004,-0.05022,-0.09671,-0.28993
300,0.0442,0.68067,0.35127,0.21183,1.07745
304,1.51057,2.10197,-2.98764,8.82799,-4.51808
308,-0.31407,0.17356,-0.03495,-0.06021,-0.11202
320,-0.46539,-0.04085,-0.11045,-0.17837,-0.13258
324,-0.6055,-0.12213,-0.00327,-0.17391,-0.22692
328,-0.28246,-0.07958,-0.13344,0.72663,-0.24539
332,-0.57961,-0.02483,0.03585,-0.17439,0.00377
340,-0.5354,-0.08267,-0.00581,-0.19464,-0.1217
344,1.41974,0.17908,3.12742,-2.24911,-2.77938
348,0.05116,0.19983,0.38994,0.51391,0.5812
352,1.68623,0.81376,-1.58319,2.66488,-1.11177
356,-0.56574,-0.08326,-0.04875,-0.09737,-0.17339
360,-0.47878,-0.09307,-0.1498,0.04861,-0.12058
364,-0.40352,0.43691,0.34808,0.4359,1.20165
368,-0.49973,-0.07213,0.08104,-0.22476,0.20363
372,3.23079,-2.91087,4.24976,4.06178,4.69318
376,1.17056,0.99657,-0.18959,0.81172,1.62452
380,0.52167,-0.11572,-0.67959,0.09027,0.03054
384,-0.55699,-0.12188,-0.11102,-0.03394,-0.33714
388,-0.44724,-0.00593,-0.12929,-0.11799,-0.24474
392,0.74665,-0.34888,-0.91149,-0.19741,0.8093
398,-0.29533,0.08043,0.00883,0.0394,0.52209
400,-0.49709,-0.05111,0.05927,-0.21249,0.08177
404,-0.56866,-0.054,-0.0578,-0.05205,-0.23085
408,-0.49339,0.00696,0.00821,-0.56271,0.30183
410,0.58517,-0.56626,-0.44795,0.59617,0.87288
412,-0.41365,0.05124,-0.02018,-0.05058,0.06417
414,0.37468,-0.78349,0.10886,-0.39632,1.65687
417,-0.58919,-0.0816,0.03286,-0.25214,-0.1113
418,-0.55303,0.00313,0.01544,-0.03291,-0.00407
422,-0.38762,-0.05862,0.03597,-0.69077,-0.25274
426,-0.60373,-0.12911,0.05749,-0.33623,-0.10868
428,0.1414,0.50065,0.3412,0.5119,0.72162
430,-0.62665,-0.00925,0.08989,-0.12126,-0.01932
434,-0.47869,-0.21721,-0.07867,-0.18942,-0.10563
438,5.38955,-10.19414,-3.72782,-1.38546,-0.42395
440,0.27761,-0.36781,-0.23199,0.25055,-0.87503
442,4.25097,0.88152,9.36057,1.08161,-5.00657
446,0.64504,0.47023,0.11425,0.03411,-1.85326
450,-0.62622,-0.11034,0.03712,-0.29279,-0.14208
454,-0.62167,-0.10801,0.03028,-0.27606,-0.14607
458,-0.21609,-0.09231,0.03691,0.35437,0.28545
462,-0.27511,0.27438,0.10196,-0.03095,-0.12432
466,-0.61246,-0.09795,0.00052,-0.15747,-0.19121
470,0.65038,0.14294,1.81484,0.02904,-1.01178
478,-0.56058,0.02777,0.08903,-0.02605,0.09106
480,-0.33081,-0.072,-0.07353,-0.23995,-0.19939
484,-0.27329,-0.13898,-0.13913,-0.26816,0.05313
492,7.44397,7.08217,-3.57485,-4.50548,1.12065
496,-0.48607,0.15827,0.20379,0.19101,0.41714
498,-0.46413,0.09438,0.01752,-0.02579,0.03314
499,-0.30432,0.25756,0.01876,0.05852,0.03172
500,-0.02859,0.38259,-0.13346,0.27502,-0.26894
504,-0.50633,-0.00626,-0.0028,-0.00511,-0.00282
508,-0.62401,-0.03754,0.11604,-0.25627,0.03287
512,0.00611,-0.70085,-0.5981,-0.07296,-0.48161
516,-0.48302,-0.06675,-0.04671,-0.07893,-0.12716
520,-0.04918,-0.10417,-0.15718,-0.00513,0.22824
524,-0.59969,-0.03805,0.0383,-0.20448,-0.07981
528,1.32413,0.13125,0.20846,0.71915,-0.91219
531,-0.11652,1.03203,0.98647,-0.28859,2.08137
533,0.37347,0.5925,0.17881,-0.82535,-0.2977
534,0.32917,0.4086,0.67476,-0.68538,-0.6414
540,0.62016,0.50576,-0.87944,0.25141,-0.09799
548,-0.52606,0.01669,-0.11447,0.07639,-0.29706
554,0.96266,0.6482,-1.43923,1.68531,-0.4678
558,-0.56979,-0.11207,-0.01874,-0.16551,-0.20162
562,-0.6232,-0.10456,0.0141,-0.22845,-0.1734
566,-0.56572,-0.0736,-0.06833,-0.03676,-0.18429
578,2.08731,1.12826,-0.16247,2.51172,4.12028
583,-0.51862,0.03632,-0.08643,0.16207,-0.36694
584,-0.40227,0.16822,-0.20199,0.67611,-0.55444
585,-0.13618,0.28545,-0.3776,-0.19789,-0.46694
586,-0.59167,-0.08046,-0.01353,-0.16711,-0.16206
591,-0.07984,0.06432,-0.36694,-0.15842,-0.49621
598,-0.56146,-0.08114,-0.0653,-0.01673,-0.26047
600,-0.42538,-0.09992,-0.13778,0.08859,-0.07655
604,-0.41427,-0.14317,-0.20242,-0.03697,-0.19777
608,-0.51308,-0.13617,-0.10233,-0.21256,-0.22378
616,-0.00217,0.32809,0.32883,0.15292,1.0747
620,0.17855,0.02187,-0.3248,-0.05617,-0.11893
624,-0.61673,-0.09978,0.01105,-0.23567,-0.18065
626,-0.5826,-0.03691,0.00603,-0.15469,-0.14678
630,0.5011,-2.34622,-0.40194,-0.4905,0.77698
634,1.70617,-0.65959,-0.76496,1.09309,3.05141
642,-0.08966,0.08786,-0.07004,0.24622,0.31096
643,-0.23999,0.06171,-0.09982,0.07744,0.45443
646,-0.61427,-0.10051,0.01599,-0.23782,-0.16384
659,0.07868,0.44832,-0.31356,0.00372,-0.1627
660,0.12204,0.44832,0.10755,-0.56267,-0.35879
662,-0.29742,0.18883,-0.01113,-0.48508,0.05928
670,-0.32987,0.19827,-0.11465,0.07317,-0.07586
674,1.41391,-2.41445,1.81679,-0.0369,-1.09768
678,-0.54528,0.04025,0.04901,-0.2129,0.01648
682,0.08897,-0.385,-0.44339,0.36757,0.55765
686,-0.58292,-0.06469,0.03731,-0.18467,-0.05314
688,-0.32288,0.09762,0.05239,0.14999,0.14397
690,-0.19299,0.06551,0.336,-0.07934,-0.34261
694,-0.62687,-0.09686,0.00764,-0.1872,-0.20801
702,2.03559,-1.0331,4.06609,-0.45444,0.41107
703,0.18778,-0.01402,0.52086,0.16085,0.57428
704,-0.4901,-0.13334,0.04462,0.00367,-0.10635
705,0.43037,-0.14124,0.33751,0.36609,0.51973
706,-0.62365,-0.0122,0.10399,-0.19966,0.00634
710,-0.43323,-0.14946,-0.08394,-0.28862,-0.09892
716,-0.59128,-0.08332,0.0486,-0.31163,-0.03956
724,0.34522,0.2387,-0.43326,0.11209,0.16178
728,-0.63046,-0.03913,0.15855,-0.35802,0.12181
729,-0.61713,-0.10681,0.02794,-0.29098,-0.13254
740,-0.43614,-0.05817,-0.00188,-0.02877,0.08729
748,-0.50484,-0.10946,0.02811,-0.11828,0.05311
752,1.43583,0.32438,-0.53215,1.32032,0.50631
756,2.60833,-2.49521,-1.60002,-1.47012,-2.62227
760,-0.61005,-0.04963,0.08048,-0.24365,-0.01
762,-0.60721,-0.06543,0.04457,-0.21869,-0.08421
764,-0.37216,-0.00098,0.14835,0.0728,0.44883
768,-0.61026,-0.09731,0.04099,-0.24543,-0.11757
776,-0.46607,-0.00575,-0.26443,0.19479,-0.53651
780,-0.09533,-0.3149,-0.13638,-0.51655,0.51242
784,0.98538,0.33775,1.48782,0.12886,2.98304
788,-0.50941,-0.1231,-0.06896,-0.14452,-0.26129
792,-0.28863,-0.10003,-0.08154,0.06636,0.21027
795,-0.3326,-0.24834,-0.06146,0.5731,0.11799
796,0.10822,0.5321,0.08854,-0.6134,-0.17344
798,-0.40975,0.21503,-0.11855,0.16829,-0.27392
800,-0.61193,-0.10935,0.01223,-0.23367,-0.14529
804,-0.48771,-0.04826,-0.03626,-0.02141,-0.14251
807,-0.38868,0.02138,0.04732,0.02386,-0.05895
818,-0.50099,-0.05887,-0.08655,-0.11871,-0.07103
826,0.83998,0.4357,-0.69977,-0.14962,0.14417
835,-0.6,-0.1066,-0.04775,-0.15414,-0.24288
836,-0.59997,-0.12713,-0.08118,-0.16264,-0.32405
840,1.65334,0.32218,-1.49992,-1.40006,0.77678
854,-0.6161,-0.10366,0.04251,-0.2654,-0.10116
858,-0.09802,0.00471,-0.49578,0.42381,-0.55051
860,-0.565,-0.0402,-0.00799,0.02981,-0.07576
862,-0.50279,-0.09977,0.06279,-0.34958,0.20201
882,-0.4947,0.02701,-0.04145,-0.20275,-0.12192
887,-0.63186,-0.11238,0.06118,-0.34437,-0.10566
894,-0.60233,-0.10044,0.06266,-0.34249,-0.04808
