Indicativ,C1,C2,C3,C4,C5,C6,C7,C8,C9,C10,C11,C12,C13,C14,C15,C16,C17
ab,0.7335877172297036,0.3276602197338029,-0.7500236263801263,1.093969317486272,-0.5070579855658411,-1.8092007604066462,0.6817488578527419,0.00382075657399218,-2.074431334201756,-0.23770688859640984,0.236475215311311,0.5399518862123418,-0.549085065419043,0.2477534537817177,0.18206483481029342,0.46254922294336376,-3.535271393343278
ar,-0.23617493814866095,-0.7948494709231411,-0.7775144982073628,0.14364175845494645,1.3656646321179748,-0.21406671568177293,0.6267302849711937,0.8085289077175576,0.6552479481669524,-0.8251777689559144,0.8156130739406432,0.5727876702930874,-0.6681420006132309,-0.355056850867973,0.7633476045710987,0.8000894874476723,0.29131150350589685
ag,-0.1972640339092119,-1.8389782807476591,-0.30687245371174815,1.2892380868951308,-0.16483015472017074,0.012789923645012772,1.6474024200364221,0.4325001792930242,0.7080436857180191,-0.5447714722987713,-1.0831053254920253,-0.2692217102618163,0.315163499024665,-1.4707810812950544,0.5641121562608001,0.23269113553809417,-1.6297546840478643
bc,-0.8624730308239316,1.2346253789798542,-1.0370920708406701,-1.2246297670195536,-1.5066347380804477,1.1990263950930513,-0.4403758791220328,1.697949871888573,-0.4297922587323683,0.25341197438376706,-1.503212701804439,2.1795171609795614,0.7366325630480226,0.6725340915305702,0.6327347981955289,-1.1920247564845163,-1.3599290964389958
bh,0.6551699468899211,0.7364825441486433,-0.12292215902434964,2.43581592375355,2.6873766775830936,1.5096452831192912,-1.2088734377502701,0.7611433077077246,-0.7956193742955558,-0.23229346770355208,-1.1355620897383756,0.09764430722277519,-0.771973864399215,0.07513548122963382,0.6981185776973835,-0.1408146514967706,0.37146035942425865
bn,1.2542364382930167,1.3840989155196177,-1.0251958611506264,2.651825692091372,-1.1802347129564488,-1.356776882079198,1.9449428834755629,-0.27687929946210776,-0.04241152212257889,0.4257296957266204,-0.5768607509381303,0.225060045337497,-0.23543374039290407,0.962886738714189,0.8018420424224968,0.506559798663064,1.6014176125467456
bt,-1.1607790024537104,-1.454919838499291,-0.4055153954030376,0.5018901365716151,-0.8337172545046304,-1.1872072495025912,-1.051707045617472,0.851314596916889,0.5028443052852045,-0.8587982284305513,0.5032404254392507,-1.5249697244337703,0.09818658534587602,0.6234339654937592,-0.5635847234265835,1.3986582210069287,0.6663489528336456
br,-1.6815835517080664,0.386960555922337,-1.0453501277306556,0.03280571812286609,2.1278105106991503,-0.09393875326167027,1.0671093913195417,-1.1660973375887964,-1.3181310763195788,0.8620380762152512,-0.41165002455643873,-0.36802739328242173,1.1890981445825974,1.0006224174533016,0.6873351730590426,0.15366890866013266,0.6414332557259664
bv,1.1263356175222619,-0.7497463762725081,-0.3501083345353363,0.266683275353548,1.439018359690038,0.49785392711208865,-1.780480077196689,1.18199459430762,-1.0114691819754682,0.5228789446830762,0.18811114525214126,0.7007976764156244,-0.45933926040823286,-0.7932698327395321,-0.04603672085247531,-0.6391247294937209,-0.48214177815391546
bz,-1.2085005336644636,-1.1093258247168363,1.2714761211939725,-0.4612218936349039,0.6049734547448196,0.7646482223514567,-0.9094981137987864,-1.6312899058410402,-1.6663816535718807,0.8090554757436041,-0.14342688687410618,-0.3263911121952829,-1.0072594175582483,0.20033412743487478,0.5554562611656305,-0.7259735462038185,-1.3353114217158326
cl,-1.1638913129633977,-2.5886275532854435,-0.37903735213477785,0.22033496021010454,-0.008392051101093452,0.11826630766088427,1.3274532682638622,0.13023004202490376,-1.5087762926007575,-0.8381854045437032,0.5822053319310082,1.5730034535676538,-0.8058379456279468,-0.15013334003480092,-1.9504589364901956,-1.1308403192470906,1.5901707162991563
cs,0.4646299700133305,1.4201121799812204,-0.176217920126684,-1.0621220728032612,0.02903740254389928,0.10128986066088481,3.0112011525411657,2.1595113221523765,-1.872662222916712,0.579570116679261,0.711207468733204,-2.3915922169890607,0.18388979309414924,0.2688536096872678,-0.5137900703610432,-0.218347785712411,0.3725095410104548
cj,1.3812795076218802,-0.13422092855476464,0.22115762228891506,0.5070144392238586,0.22514204768889465,-0.4024179806637784,-0.8648879337221422,-0.6389747270669367,0.03441849314562586,0.8958897473032525,0.7131774707989598,-0.2631021893048046,2.1661910904990163,-1.502034457669042,1.6228890759036705,-0.8662038050819181,0.9031276284474985
ct,0.5221460626582142,-0.4342728964584584,-0.10539122034438918,-0.911097066202618,-0.16729215191372515,0.22205590272397788,-0.004621777776046322,0.1646955073507139,0.8635401091713233,-0.9979140195528523,-0.7336557295212413,-1.4894505238006648,0.5409495666997088,-1.586269235986817,1.2157793445345335,1.0366532703274827,0.32106609796074187
cv,0.3589643016146068,0.03423311465720692,-0.11127483542244249,0.8653959380403564,0.2670099751769715,0.4271978864956304,-0.5419332955200236,0.4977027882790036,0.7214682182881856,1.7084080138003643,-0.4663837196423586,0.024617283289690855,-1.5870895167982135,1.2784234756823991,-1.7754219307135115,-0.1789054275917741,0.33456530548377
db,-0.23407707762361085,-2.405833371796101,0.5487362976566039,0.3104108588685876,-0.1319018157092259,-1.4440378277640333,0.3585203351175343,2.0506685077206614,0.9079978008027515,0.6065922229344632,0.15289025293864061,0.5050001371229809,1.2731768441814069,0.25396560374497984,-0.341320466492089,-0.5325174823245767,0.336895408761561
dj,-0.38565577586341954,0.9566500532671554,1.2278442427609908,0.3501583183869487,-0.2869281138353399,0.9351359809227057,1.5436504958784139,-0.6973973314938587,0.5909183672015338,-1.0567672505755705,0.6622332989756612,0.9105172350250799,1.3216619272798904,-0.49334134206545954,-0.7038378973361255,-1.5571813676335098,0.5258615665811593
gl,-0.9300853386880779,0.9447073305659023,-0.8686965964887059,-0.6321809156477963,0.7221999393673444,0.24949066677173837,0.240129044884774,0.07774227211395612,2.4488115609321794,0.5070017998430351,-1.351287713220551,1.3861634558403342,-0.7935915051297278,1.598473454353042,0.220520396431788,0.2729787066943661,0.7176291464166328
gr,-0.5446693231956552,0.2530506332252104,1.1340565359721517,0.029206213053945967,-0.594509289214184,-0.6090320782485438,0.292119521667113,-1.445855106243215,-0.398719414437833,-0.04629281595463975,-0.40766016900162616,2.3022561348314525,0.8169478490838493,-0.5232535959113604,0.300465399371201,1.9130149279710065,-0.7060093648288944
gj,0.22688813734964902,-0.5928308232639272,1.7329814666117866,1.2367192918720262,0.47855308373618616,0.1851441910202244,-0.585250166243588,-0.05226526356918453,-0.31896065263369816,-0.5866983988391241,-0.9236716833916855,-0.7173278423295043,0.8876363158291921,1.4653806857421066,-0.6961096868681301,-1.6180256205953747,-0.06036020823705246
hr,0.2512598988227707,0.9044806256316986,-0.740014270477866,1.2582100951401398,-0.424467250754618,-0.24397452846398288,-0.37206761386569104,-0.8399819716370555,0.1755036183380057,-0.2617539835630122,-1.486648137546748,-1.4621073775081392,-1.349789080204486,-1.664335384879172,-2.0169197570881177,-0.3097361951274209,-0.6618378943756359
hd,-1.0120118482733091,0.21478625931922304,1.3817475917022575,-0.5969725497946787,0.6907880163694146,-1.4934967637914138,1.1589621149014464,-0.3850041778674326,2.5560470986518125,1.8460394228505224,-0.2505069961963241,-0.7361053291614388,-1.2067585335520237,-0.5354653452517701,0.6522131306540386,-2.1411269820984193,-1.371689431152053
il,-0.24820956763954885,-0.26473575331219423,1.3028772741497294,-0.2120996671041908,0.24937973298400698,-0.2120009840085956,-0.8034162102995254,-0.670506981601678,-0.2444870033977576,1.091970326854057,0.9930181588441995,-1.5013039726530435,1.2519288679507365,0.8484671876699283,-1.7470209609992113,1.6918403357712848,-1.0315405425025044
is,1.104332942147429,-0.6404261647341177,-0.5016706228467405,-2.6256399306926936,-0.9547086283051571,-0.23289930081545604,0.048713341244364196,-0.27108849932803303,-0.6509731429051488,0.6946564745777549,-1.8189331257925594,-0.5747238439630988,-1.2524884843936601,0.7210809572840035,-0.4973341649469465,0.620048997483446,0.23585449196493125
if,2.694152932071798,-0.8121860839474988,0.7054918263275559,-0.19240682662019015,-0.6130440641836316,0.11115683692758639,0.013243291366331674,-0.571122821739735,1.0738248014960183,-0.45629689539902357,0.004445058372679359,-0.311968255793171,-0.7835892747273615,0.31780040374165974,1.3266845758083614,-0.012981057224240488,-0.11779621066822206
mm,0.5061731117221816,0.23248108078753793,-0.9663608528143968,0.23391008475467007,-0.6265220091182365,0.5916158879608989,-0.5451755480872467,0.4743172927720664,0.507750119438157,-0.8992407280059388,0.7136493780268105,0.6773908547062274,2.1263934473309125,1.21607128304846,-0.28573660476953755,0.37039430456127914,-1.5474313346277004
mh,-0.08290989131574304,1.0783091962119993,1.2553785263183364,0.34669044602149107,0.526071407628236,0.8936042229190981,-0.3142218038035525,0.9408581087209286,-0.037503073773463395,-0.5772429850700845,0.9195128624137544,0.024098798141845755,-0.6702325249283485,-0.7944821919970787,1.019426100389676,1.2046328779004203,0.8326382887276658
b,1.5067467102165724,0.09335021160212828,0.5350047902193231,-1.6451991299664106,-0.15402974275393505,-1.0341674021392688,-0.802609092491814,1.1526588244336964,-1.0952039774693834,1.2061604640268804,1.6944321061109155,0.6817961972641615,-0.8686557151985089,0.43763977453988984,1.2912413157624736,-0.8807664652976237,0.8286273820301259
ms,-0.47765628846902014,0.29566786272292245,-1.9493673428264362,-0.36667436326943276,0.05507328556958768,-1.7419352215620834,-0.7608966375313749,-1.0813990829499847,0.10305706879459454,-0.36164958715800083,1.6769646040065544,1.0206563245804172,-0.4461688793426339,-1.8942476927003415,-0.48265532240584264,-1.6014493282297269,0.5813293867949649
nt,-1.4583337547438522,-0.01715388744310894,-0.5564556703098652,-0.6502591507118262,0.1578289600933396,-0.008397228047454606,-0.9640659649315089,2.1602295476297604,0.48660611153192196,-1.3101726434074152,-1.0567312564097058,-0.8839884767443585,-0.13357264561570398,-0.917746606276119,0.3663328038101053,0.5636949140588318,0.06134388334815805
ot,-0.6628843502790223,0.8426117741815611,1.8903715309405067,-0.5850334587306272,-0.37507175921971414,0.909760026850176,0.6073223119063381,-0.2517604009841421,0.2537737256219668,-1.971832687159088,0.4317168482388066,0.25638951100116597,-1.6752085904221183,-0.5224282873922085,0.016339376225604222,0.21921658622739523,-0.48191960665333455
ph,-0.4488417610391672,-0.9314249243761891,-0.2823330780517073,-0.5093794654127392,1.2755774799019624,-0.43382300567254045,0.27221633500030334,-0.8134910858406971,0.5533990599509659,-0.37780281939290833,0.6440185713787795,0.25839297501658043,-0.04865701931893483,2.218654182996149,1.545404902247869,1.3955117702248845,-0.3090502242068059
sj,-0.2622856137368354,1.1026884049141954,0.4310879704728363,0.8046580290430305,-0.563463864685486,-0.5506978735489897,-1.0814160523215006,-0.42835810176015615,1.1866351082336053,1.1112728673733439,1.1207000216778435,0.04799869662059733,0.40284501542023654,0.6129408823233731,-1.2606378233164828,0.5099316648356549,0.683757363469439
sm,-0.015695543263723227,1.4447559614467809,-0.9912550009716837,-0.38635989094174616,0.38288315531254524,0.6314699987049491,-0.5044780600916304,0.48110484440078904,1.1463188283342012,-0.6956626462243033,1.8540040880210138,-1.1048476358742219,0.8570388064541782,0.3429083904081125,-0.5484251212783943,-1.320492656874849,-1.5517694296925508
sb,0.9316256759622004,-0.03415398987620228,-0.9953928811753883,-0.6850083781876755,0.550070543137139,-0.18561433754212445,0.3108634767251105,-2.056441733577531,0.053037575521546435,-1.1985254283544875,0.5359278140230478,-0.21278553348577361,-0.9572223300812913,0.18068435813096012,0.290930541497884,0.12218266699072035,0.06549421638392773
sv,0.9198330804996769,0.5686937856804746,0.4019573200084052,-0.08415366898069158,-0.8366745574505912,-0.24277636174024933,-0.840507464352341,0.5733408763649678,0.24834855208179718,0.22040718036241747,0.4005131382624845,1.4655236152294115,-0.7779836278783714,-0.7922214188711573,-1.6550455813091027,1.6186419602570064,0.25050169829726854
tr,-1.2115540405805525,1.0773234400790286,2.328280720350626,0.09189649075190484,-0.31034419929762924,0.20238193366418708,0.5050000484282007,0.5629797170975178,-0.9188617720964161,0.3893587680476131,0.535750817563927,0.4408056077449964,-0.18595756967316837,-0.7250648912911706,0.30574188471504044,0.9410978158941046,0.6610766881795954
tm,1.455780617272991,-0.3818664872897457,-1.0376688240862157,-1.653726538703287,1.6541125446465643,2.126760712303407,1.1883047036047907,-1.020320699848914,0.4403321400020765,0.5892697858794493,-0.057833830824290174,0.3958381994610971,1.2759824405514268,-1.0438207985129266,-1.890803814867468,0.9320473257143476,0.19431603089195137
tl,-0.967845212059091,0.559025702182726,-0.27541866821935274,-0.44107618786722275,-0.34820250941666053,-0.9956062028858126,-0.8988871195007097,-0.4745796096318881,-0.7596040660577681,1.7078306936391159,-2.118080864876835,-0.18393983228944633,1.497368131734261,-1.7795050975179647,0.42499224255911466,0.3698234112134639,0.7971576989174632
vl,1.5791561747779044,-0.643403742730766,1.3691669486889413,-0.2619798541662522,-1.1909659831800035,0.42255975369692633,-0.056415774877513335,-0.5103262367733579,-0.10636876124612778,-1.2342037529408914,-1.7347105647709837,0.07020720453899047,1.0035767588207882,0.9383605243148984,-0.18417953438167972,-1.3404881383961096,0.820208115800274
vs,-1.0820785785036573,0.9428685782095432,-0.5977176298879573,-0.6326369638035808,-0.6849753908200573,-0.9306689894122395,-1.4306661092417832,-1.074599965952051,-0.9916182000541636,-2.2703348011291995,-0.2497853176648543,-1.1156395693882528,0.03691304649246773,1.1286110198606918,0.21726385709390872,-0.8566247404705433,1.2436595150204615
vn,-1.1368384737403876,-1.2066674107428048,-1.3827494924944104,1.1493826661650137,-3.0246029822043257,3.310882526634253,-0.08318210104197707,-0.8055515247089293,0.024050684099968696,1.8117826223316438,1.4198997380016523,-0.9189218909853012,-0.7475441017400163,-0.06755861790603006,1.4580827227154083,-0.07230325480054894,0.2520507658210451
