Judet,Fasole uscata,Ceapa uscata,Usturoi uscat,Morcovi,Mere,Lapte dulce,Branza din lapte de oaie,Oua,Miere
ALBA IULIA,0.6071449643929167,0.3939841704362157,0.45802030280221323,1.6230225212500937,-0.5168174136772987,-0.18996269094820334,-1.0220755500547969,-0.11837386834170593,-1.5248380771331715
ALEXANDRIA,0.20914732058302465,0.3939841704362157,-0.6342530688529006,-0.020691920589643836,0.5321684259647417,-0.18996269094820334,-0.5344100368202265,-0.8688886006112841,-0.8335691567167623
ARAD,0.23326838990483684,-0.4399364350568811,0.07210668253289824,2.365345172403523,2.9098696624866993,-0.18996269094820334,0.4409209896489145,-0.8688886006112841,1.6861060582010492
BACAU,-0.6712717096630995,-1.150313247143593,-0.5308833491379059,-1.0281298042978695,-0.8897901566611356,-0.18996269094820334,-0.5344100368202265,2.3833419058902208,-1.0927950018729158
BAIA MARE,2.8745254806432112,-0.2855066932989008,0.6303031689938715,0.6951192073083063,-0.5867498029867676,-1.960069583874659,-1.5682609248775157,1.632827173620643,0.31739359577655857
BISTRITA,0.9086583309155621,0.3939841704362157,0.8025860351855298,0.29744635847611206,-0.9364117495341152,-0.18996269094820334,-0.5344100368202265,-0.8688886006112841,1.9315065249488748
BOTOSANI,-0.743634917628535,-1.150313247143593,-1.0925254929227117,-1.3197565601081458,-0.9597225459706045,-2.1567481275331533,0.6847537462661998,2.2832732749209437,0.6077265423514516
BRAILA,-1.1054509574557092,0.023352790217061232,-1.0477319477128801,-0.6834800019766346,-0.6799929887327268,-0.18996269094820334,0.07517185472298665,0.03172907811220984,-0.24253422976073208
BRASOV,-0.4421215511058895,1.9382815880160245,-1.0925254929227117,0.29744635847611206,1.3713570976783735,-0.18996269094820334,0.4409209896489145,0.13179770908148647,-1.179203616924967
BUCURESTI,0.7759924496455978,1.0117031374681398,0.3856614990017164,0.5360500677754283,1.0916275404404958,-1.1733554092406782,1.2553223967506482,-0.3685454457648989,0.19987787930576903
BUZAU,-0.9004218682203105,-0.7487959185728432,0.027313137323067425,-0.8160376182540323,-1.0762765281530535,-0.18996269094820334,1.4162520161180556,-0.3685454457648989,1.1261782326637586
CALARASI,-1.5034486012656012,-0.37816453835368874,2.525414697102113,-1.0281298042978695,0.2757496651633534,-0.18996269094820334,0.4409209896489145,-0.8688886006112841,0.8669523875076051
CLUJ-NAPOCA,1.511685063960853,-1.150313247143593,-0.5756768943477367,0.29744635847611206,-0.07391228138399308,1.7768227456367465,0.4409209896489145,-0.6187170231880913,1.9315065249488748
CONSTANTA,-0.6953927789849116,0.3939841704362157,-0.18631761675458924,0.29744635847611206,3.0031128482326586,-0.18996269094820334,-0.5344100368202265,-0.8688886006112841,-0.02824086443164609
CRAIOVA,-0.9004218682203105,-1.6136024724175355,-2.4707884224559784,-0.3653417229108788,0.7186547974566591,0.3214015225638832,0.4409209896489145,1.1324840187742578,-1.5248380771331715
DEVA,0.6071449643929167,1.16613287922612,0.9748689013771882,0.642096160797347,-0.050601484947502766,0.3214015225638832,0.4409209896489145,0.13179770908148647,1.4718126928719633
DROBETA-TURNU SEVERIN,1.511685063960853,-0.7487959185728432,-0.4033940281560784,-0.8690606647649917,0.3689928509093126,-0.18996269094820334,-0.9001591717461543,1.2825869652281734,-1.3796716038457257
FOCSANI,-0.743634917628535,-0.7487959185728432,-2.1262226900726615,-1.2932450368526662,-0.027290688511013485,-0.18996269094820334,-0.5344100368202265,-0.8688886006112841,-0.02824086443164609
GALATI,-0.2973951351750196,0.17778253197504293,0.7164446020897007,-0.8690606647649917,1.2314923190594347,1.7768227456367465,1.4162520161180556,-0.7187856541573684,-1.2932629887936744
GIURGIU,1.2101716974382075,0.023352790217061232,0.45802030280221323,0.642096160797347,-0.027290688511013485,-0.18996269094820334,-1.0220755500547969,0.8823124413510647,-0.37387532463985074
IASI,0.004118231347625845,0.3939841704362157,1.1471517675688465,0.29744635847611206,0.6254116117107009,1.304794240856358,-0.5344100368202265,1.38265559619745,-1.179203616924967
MIERCUREA CIUC,-0.4662426204277006,2.3397989165867745,0.8025860351855298,0.9602344398631029,0.11257409010792532,-0.18996269094820334,0.4409209896489145,0.6321408639278724,1.3542969764011725
ORADEA,0.004118231347625845,-1.150313247143593,-0.48953546125190756,0.8011653003302249,-0.4468850243678299,-2.1567481275331533,-1.63165744159801,-0.2184424993109831,0.0028662369870935058
PIATRA NEAMT,0.3779948058357057,0.023352790217061232,0.37187886970638406,-0.6834800019766346,-0.23708785643942118,-0.18996269094820334,-0.1686609018942986,2.133170328467029,0.03051699380374929
PITESTI,-1.2984195120302024,0.548413912194196,0.2857374366105549,-0.3653417229108788,-0.6566821922962376,1.7768227456367465,1.5381683944266982,-0.3685454457648989,-1.3520208470290693
PLOIESTI,-1.3466616506738258,-0.37816453835368874,-0.4033940281560784,-0.5244108624437567,-0.19046626356644156,-0.18996269094820334,1.1724192595007703,-0.8688886006112841,-0.02824086443164609
RAMNICU VALCEA,-0.2973951351750196,1.5676502077968701,0.45802030280221323,0.29744635847611206,-1.2860736960814616,1.304794240856358,0.4409209896489145,0.5320722329585952,0.3934331770223644
RESITA,-0.0320633726350919,-0.5943661768148615,0.027313137323067425,-0.8690606647649917,-0.5168174136772987,-0.18996269094820334,1.4162520161180556,0.03172907811220984,-0.25635960816905995
SATU MARE,1.7046536185353462,-1.150313247143593,-0.2724590498504184,0.642096160797347,-0.7965469709151763,-0.18996269094820334,1.0505028811921278,-0.9689572315805614,-0.7471605416647111
SFANTU GHEORGHE,0.3056315978702713,1.5676502077968701,-0.9202426267310534,3.2932484863453104,-0.09722307782048237,-2.1567481275331533,-0.41249365851158387,0.13179770908148647,-0.66075192661266
SIBIU,-1.4672669972828836,0.857273395710158,-1.9539398238810033,0.5360500677754283,0.4156144437822922,0.9114371535393678,-1.63165744159801,-1.0690258625498383,-0.7195097848480554
SLATINA,-0.9004218682203105,-0.37816453835368874,-0.18631761675458924,-1.0281298042978695,-0.050601484947502766,0.3214015225638832,-1.387824684980725,-0.2184424993109831,-0.37387532463985074
SLOBOZIA,-0.2973951351750196,-0.7487959185728432,0.8025860351855298,-0.3653417229108788,-0.5867498029867676,-0.18996269094820334,-1.0220755500547969,-0.3685454457648989,-0.66075192661266
SUCEAVA,1.0654452815073376,0.3939841704362157,0.45802030280221323,-0.3653417229108788,0.5088576295282514,-0.18996269094820334,-0.6563264151288691,1.632827173620643,1.0397696176117075
TARGOVISTE,0.3056315978702713,1.16613287922612,0.6647597422322037,0.29744635847611206,-1.1928305103355024,1.7768227456367465,1.5381683944266982,-0.6187170231880913,-0.22870885135240418
TARGU JIU,0.9086583309155621,-1.150313247143593,0.027313137323067425,-0.49789933918827645,0.8818303725120882,-0.18996269094820334,-1.9340100598034435,-0.11837386834170593,-0.5743433115606088
TARGU MURES,0.9086583309155621,-1.150313247143593,-1.0063840598268825,-0.3653417229108788,-1.3093844925179514,-0.18996269094820334,-1.0220755500547969,-1.3191974399730313,-0.14230023630035304
TIMISOARA,-1.0451482841511803,-0.8414537636276311,-0.4033940281560784,-1.0281298042978695,0.6021008152742106,-0.18996269094820334,-0.04674452358565597,-1.3692317554576696,0.9257102457429992
TULCEA,-1.0451482841511803,-1.150313247143593,2.2669903978146255,-1.0281298042978695,0.9284519653850678,1.7768227456367465,1.1724192595007703,-0.8688886006112841,1.6999314366093772
VASLUI,-0.9004218682203105,0.3939841704362157,0.8025860351855298,-1.0281298042978695,-1.7522896248112572,0.7934300273442716,1.4162520161180556,-0.2184424993109831,-0.40152608145650653
ZALAU,1.0654452815073376,1.9382815880160245,0.6303031689938715,1.6230225212500937,-0.6333713958597472,-0.18996269094820334,-0.04674452358565597,-0.3685454457648989,1.2402376045324655
