,F1,F2,F3,F4,F5,F6,F7,F8,F9,F10,F11,F12,F13,F14,F15,F16,F17,F18,F19,F20,F21,F22,F23
C,0.6601912895692121,-0.6007780221918505,0.39050117526694145,-0.17440150770220578,-0.003386561505911829,0.03629702140114849,0.006838652079524069,0.020808281251638708,-0.017492022225353905,-0.007720773126175276,0.006915022806466715,0.006141128194228347,0.02001332904602794,0.006047663924368208,0.0112379657381951,-0.015301300779889056,0.02144455953959417,-0.063075338895656,0.011159121183045401,-0.019471653662559048,0.06137624583004013,-0.05953751120565667,0.0
C_Test,0.5403001942791532,-0.25857837342846446,-0.58826152587742,0.30457367658722373,0.11691161047555791,-0.08387021472776564,0.0391493843267153,0.01993284929187822,0.0018576640071494943,0.01943465571610238,-0.10123083912749355,-0.17172555075112897,0.34364969924743693,-0.1127389747958846,0.045679325513300076,-0.00927267683137056,0.012755675990085553,-0.03806139352586989,0.004618696459485642,0.0008607712492265967,-0.006033039747983697,-0.00016712161914942604,0.0
Html,0.7486215113247885,-0.45630733582163013,-0.325938974759328,0.20013179569538253,0.048561880519258985,-0.07526808200675225,0.012441230366453171,-0.11041871633481358,0.10579730613479692,0.11431660073604603,0.03463863197995251,0.07801775504131901,-0.078515888232675,-0.020900605920479102,-0.0915089964796696,0.003998857866079162,-0.02994550869315559,0.0451325322245211,0.0249167640155147,-0.09715805741304451,0.009584033640036493,0.011848018194335357,0.0
Html_test,0.5189919639617872,-0.6909637494407679,0.41038989597094105,-0.21415208073166556,-0.023269436600829918,0.05673532818354799,-0.04621780779014736,0.06637971309540572,-0.08042032084367493,-0.0333627075448268,-0.03045325126410687,-0.024140856906442385,0.04510756509358476,0.035489667167222856,0.07724386826185375,0.031395596908500904,-0.025209669609911098,0.042985961678774755,0.017004231579347225,-0.029038632392682538,-0.02271749095993167,0.02783673593870048,0.0
Java,0.7909486795573719,-0.5146076892766377,0.19045984618986575,-0.08138934800558872,0.018230904187591098,0.07861600209468712,0.08412419883318807,0.009072749031980446,0.014322965608424835,-0.015509370063826362,-0.00024843180048349803,0.013807370148753963,-0.09762846416268721,-0.02516265900625415,-0.08350748295855293,-0.08873796722251685,0.05846927898617884,-0.12216532742596346,0.030485125141442415,0.025364909329707735,-0.0394578703592798,0.03036256219226325,0.0
Java_test,0.5927695120485795,-0.10209480126575883,-0.5214517853608587,0.21684250101135302,0.10628946838929706,0.11728362656331298,0.1303030599811296,0.092909746208122,-0.46147620325330724,-0.08740665911542776,0.08255029238144077,-0.006723172372589809,-0.15466520894334904,0.06544014259398447,0.0632129500605959,0.0611225650436708,-0.004753495956219164,-0.010541188430559373,-0.00420384117723087,0.006409053217048545,0.0029732031467242953,-0.003345235239452402,0.0
PHP,0.7986919390485488,-0.38749839434751887,-0.27680430558636854,0.151158234346788,0.05356592953161896,-0.09190231032308592,0.051062739767184444,-0.13364882970821795,0.13938798922619244,0.1021741724123522,0.09719680782060804,0.059422142415370964,-0.06738991505906429,-0.025818812040902372,-0.12485400716465257,0.030509921756006694,0.0015314912146754255,0.050771118206037164,-0.057920125525128166,0.0718234430180368,-0.0008397826353598864,-0.013847230854649067,0.0
PHP_test,0.5616296653196422,-0.6785965491222138,0.3756523780871722,-0.21521259982103846,-0.0041664206627647655,0.02037034510687546,-0.03995397942243632,0.04612694245094208,-0.009097513625212774,-0.023155467614020334,-0.012074852116905227,-0.007226733476011167,0.0970026846710187,-0.004681818319924888,0.06449235186506656,0.0656192462490659,-0.03096472066270864,0.072886718903216,-0.04206411688187319,0.03455219719116579,-0.009228223266232813,0.006003292043630788,0.0
InternetPenetration,0.7391452403313974,0.4106609581756852,0.26520020705959607,0.27483680123480214,-0.12617253630465053,-0.13639506692627948,-0.14317685992263773,0.03159707004290175,0.043977054359085534,0.05147114688209523,-0.10178910893872146,-0.1793358502606571,-0.11781962341129522,-0.034332628154108515,0.022223776973050537,0.040800819097597286,-0.02946266639384115,-0.023361920127092095,-0.0032274681040330606,0.019553545021697386,0.07312078716653282,0.035594136818462324,0.0
InternetUsers,0.7463673278303683,0.4150350912934887,0.2513360613329624,0.2595330169986759,-0.07422041425105634,-0.13251253720668446,-0.1935505053717488,0.037134182645335266,0.030103924667369567,0.041837646653935245,-0.10896814332666377,-0.16195673925439616,-0.1433055397936008,-0.03668595754184872,0.04361385691010814,0.017182236856359872,0.03521427321540458,0.022340646165256654,0.0029415336149086918,-0.01658628304133336,-0.07095237832802036,-0.03672616725024783,0.0
UploadSpeed,0.4392518392768966,0.3556645482182912,-0.13412758364102995,-0.38363345877683847,0.6306631544527735,0.14518138350940482,-0.13821205316313084,-0.14533598869747674,0.05963962333780081,-0.025942491004479058,0.016175461536116337,-0.020857530326149436,-0.03215582443758625,-0.019264279180216747,0.07855452520761742,-0.010874892197311671,0.13067610305474486,0.02568639341491662,-0.04459697636989363,-0.015410615830055307,0.016724441205916533,0.011119532420643476,0.0
Download,0.5924306539252729,0.482914895382689,-0.027890110845759847,-0.29297679132871773,0.47356275344139304,0.17244238967242054,-0.07103767666253229,-0.14083437230351512,0.043974284425927,-0.08745561155061536,-0.013546470357333484,-0.041040473211370776,0.02070702697776018,0.019243591168493945,-0.055036119162383705,0.021257500003872363,-0.1586480687035677,-0.0264067682550856,0.057110647723524074,0.01399101626918934,-0.013430122930117592,-0.009636600259075563,0.0
FixedBroadbandSubscriptions,0.7604776834776231,0.44559244436067136,0.20954391860564617,0.1387350154810908,-0.06442218467421214,-0.044481530286059084,-0.1168703841439681,-0.053195950226997205,-0.21450299589554994,0.053021524436642785,0.0040375071054766995,0.055682632345516354,0.13524844016943188,0.1387761437232077,-0.05189083091126399,-0.18903681892864252,-0.00022312587083536464,0.0654239064578558,-0.0006127219220182133,0.008212956071502932,0.008958810411645993,0.0013402873358556821,0.0
ChargesIntellProperty,0.24574511042678746,0.21465645856487447,0.08541277777661561,-0.0480218204511401,0.06719958668106973,0.04371066886850042,0.5657837352660957,-0.006007428256175667,-0.004006787215882026,-0.011363419102354288,-0.3186667050833885,0.11215101541789059,-0.06937284068072068,-0.11982595453627845,0.04466619324436612,-0.047336284802192895,-0.016267809218566773,0.039544982395822846,-0.00851251552754708,0.0025473367979787845,0.0057403561333519305,-0.003291984589808712,0.0
GovernmentExpenditureOnEducation,0.04937486997262309,0.06212986679806724,0.08636862030826892,0.21265660112584225,-0.04656712997015642,0.5295774728912213,0.07557685778737111,0.17419798653745402,0.09844932484909721,0.11161882213449821,0.25260707555930556,-0.08506309742000119,-0.03634799370880013,-0.16351250041707738,0.08587226221417622,-0.08537681698667887,-0.03507517554910365,0.02902561842105366,0.00284821560352888,0.001234667754966056,0.002676602296080424,-0.0017802190252407342,0.0
GrossEnrolmentRatio,0.6091006227820379,0.3621821879537595,-0.010225503740653622,0.22820665968693818,-0.03977756047134763,0.11717278974227714,-0.27027691949457733,0.31430863787558516,0.06296081718056391,-0.20718605481185054,-0.03935549461063569,0.3320544796666671,0.06790035374655536,-0.0968464725325795,-0.016360357204024394,0.04911777832497206,0.017593292521339024,-0.008711611879881613,0.006285168528102374,0.001038239865635772,0.0020630081530382425,0.0014873329468943369,0.0
HighTechnologyExports,0.22150580154781896,0.3234371308038482,-0.0001412901058770714,-0.162767116959207,0.11184792467043976,0.10503006439253856,0.07825488094867654,0.2875619458709611,0.0026443848558171273,0.48379840187933265,-0.04667186235968404,0.0749205424761839,0.06250448088863415,0.1257174986174459,-0.006144958072845143,0.07004395027824918,0.008440827195777632,-0.03275870445657919,-0.0010349614523167986,0.00017541112773047994,-0.007098828450151066,0.0010272996140072586,0.0
GINIindex,-0.5586931068240919,-0.23197243172332496,0.4039338019384868,0.4214920301775828,0.49500937421228547,-0.07083958450263825,0.05948423061542971,0.039140483519916495,-0.06482525897876089,0.03732278548620157,0.020147175783128864,-0.008577207519304297,0.01652809721049867,-0.03377896432775121,-0.0563408951751728,0.03965902068461075,0.06042795594687574,0.05471546118704099,0.11628415152722218,0.02469270405661971,0.009872767590295478,-0.0006616203984536257,0.0
IncomeShareLow20,0.48204123262446835,0.17162752395028932,-0.4381756024946645,-0.49422567817928714,-0.511172122185429,0.06993605875854048,-0.02488747104556904,-0.07973436923892861,0.02176465696671366,0.02875419479243126,-0.001047889153534923,-0.014251349263801545,-0.006502906623422074,-0.0316189065408186,0.026356020650578484,0.023017094967756814,0.05622721330902886,0.049917236782205374,0.11662245938021303,0.02517340569111173,0.00982024732591661,-0.0020664994047680982,0.0
SurveyMeanIncome,0.39608967068050843,0.4917586442523207,0.292500611242182,0.05673361304173534,-0.19296888013584096,0.2892007523832285,0.3232069112696616,-0.01644088316105052,0.01924260608398539,-0.16654067911175602,0.06921827569305275,-0.13945243810265864,0.11911685897120844,0.07261167592570833,-0.1621281172396507,0.09280850652474923,0.054683607204569384,0.011442816572651518,-0.02322731283537064,-0.023983425701738708,-0.0018118195411673174,0.0025138983580926632,0.0
Unemployment,0.07474214275355748,-0.21051517288883242,-0.07300743662409809,0.4898650506612825,-0.057483795427161664,0.32147410276841065,0.018374616987343072,-0.23968059872970676,0.22433726416871289,-0.041266982509772294,-0.09194364315819241,0.07050971764290477,-0.004141496050258625,0.24129106467615538,0.13709291352160508,0.009587893768713766,0.010163511852734142,-0.013953328594857022,0.021594964827120443,0.013082773719959452,-0.0008043336262058057,-0.0008453525294678945,0.0
UnemploymentTertiaryEducation,0.33495055324517714,0.047304532669770416,-0.1987328053807235,-0.1061854688827182,0.151245797732434,-0.36263981542442286,0.22966797516924856,0.40936125468770873,0.23559900609738743,-0.1718459490918256,0.11864063866355523,-0.07250269930609864,-0.03649277542022169,0.1511147796076594,0.0495508031937453,-0.049679973685885656,-0.0046486077314620775,0.02047484557711582,0.018589820775564345,0.0022764860942637273,0.0032651086116299555,-0.0007566750585921928,0.0
GDP_BM,0.4989117672682844,0.4909138515979016,0.33302221195035553,0.07247231370979301,-0.04956799492114574,-0.35236304003436436,0.22504309593133667,-0.2720004120179397,-0.01571427826418501,0.05078853267484103,0.2534733595390979,0.1427052906705601,0.07843839065800572,-0.0593014347710234,0.13284907439254953,0.04441276380679235,-0.0032432755979127175,-0.03954349091835424,0.011618893845362918,-0.004435914838228372,-0.010820854538939072,0.004717755424397429,0.0
