Indicativ,F1,F2,F3,F4,F5,F6,F7,F8,F9,F10,F11,F12,F13,F14,F15,F16,F17,F18,F19,F20,F21,F22,F23,F24,F25,F26,F27,F28,F29,F30,F31
ab,0.3527846866164983,-0.17258710472855313,-0.6241814447332219,-0.25056805448267505,0.2373106250531268,-0.2680221082266203,-0.07811650688634122,1.8514286856805222,0.14239726590789845,2.5693845463044545,-1.5933667094098294,-0.25812330034261527,0.00358995481935795,-0.08917961807606602,0.6552932076580386,0.09948944861599991,0.4191548429738166,0.729609346071568,0.40725567698626985,-0.41072086093883303,1.6020268516046154,-1.622362292844254,-0.9137438419338005,-1.7139215640928205,-0.04213925710180325,-1.1020311316726146,0.12312553510281939,0.33759880684130794,-1.4771452992073573,-0.41135238132119556,0.0
ar,-0.31661919827158025,1.3491197649986906,-0.7430423226756744,0.5210447076192795,0.20553563604578048,-0.46253156373466686,0.16296567943192297,2.0028244563539266,-1.1158727428999191,0.5759062935168083,-0.11133359248122894,-0.03443144659656302,0.11523265184811218,-0.30551716650823746,0.2032237777982308,0.9864566868203384,0.9782029026086273,-2.623289334198574,0.7197791849628948,0.2803438374652191,0.6287715300574094,0.10739641958786632,0.4524977454511403,0.4391191647558525,-1.5647260371291751,0.3285551735124394,0.9897562835049785,-1.0035991913182711,0.7141672358841245,-0.23499964626512718,0.0
ag,-0.18573034576704922,-0.26862699733267836,-0.5837711496657257,-0.7175264928764473,-0.5813215885595467,-0.5562437269309176,-1.0426574359462266,3.5751598227018784,1.1861049627788955,-1.0904045122878874,0.9068460532261292,-0.4660212211437696,-0.15350934269477404,-0.23612181497786722,-0.0852591479536342,0.18709450631922797,-1.017123488395817,1.1441355516678933,-0.7385045914812063,-0.07287787018006943,0.44225317224181976,1.3491963524051112,-0.9951635211714903,1.592913778913774,-0.8062868222854312,0.23325629197314893,0.5957259906882606,-0.17154606219554197,-0.967327124963003,-0.646415473181138,0.0
bc,-0.3034190541003468,-0.9262424124614934,-0.6660218418795,0.36954239029582225,-0.5243509780739616,-0.2746847268871988,0.11214153609942626,0.07591863340497551,-1.092791985887332,-0.605827009349252,0.7152945780036458,-0.5469205261312258,0.006996427508314896,-0.42067819304127696,0.15260691041743177,0.8765918772239792,-1.1644431946078675,1.5382817405103826,0.594942187990784,-0.7769972811248407,-0.17790128685246362,-0.5854317583868052,2.0036912234015323,-0.34890624916077884,1.785586634742156,1.369523259262856,0.4365337428512781,0.7240037340802841,-1.844481984070851,-0.7904651724988591,0.0
bh,0.38737419869133616,0.8111878613614516,0.06238623803652928,-0.6187820477741519,-0.3732125986014628,1.0419924583726217,-0.06429863221629929,0.12088655052282372,0.6418118373457687,-0.8337644812540871,-0.8341966648030958,-0.26358973865051355,-0.1850934405411618,0.9585616822055361,0.09740880002309812,-0.03895711928671974,-1.1567953426411923,-0.9304934593489874,0.2603125291963859,0.46399833951787767,-1.9462553853141873,1.0339903853788397,-0.5423871424297222,-1.5236948750738561,0.3595356061081008,-1.109941161765282,0.6523267477807484,-1.7890720272157503,-0.3164871864555381,0.16620142983870018,0.0
bn,-0.9361698454768794,0.37754884467864447,-0.6403032126253348,0.13147313891932594,-0.23336745105566137,1.3135325457082379,1.7797220002748324,-0.1028729695546636,2.973111572881847,-1.6134953750556842,-1.4464152160471238,-0.23128715275436365,-0.11005791321590713,-0.03815283169655133,0.6888335529613197,0.6536081204670892,-0.8546484492875848,-0.10950391315094375,-1.5794988600938733,0.40082327436471665,-1.103459504904988,-1.970482160352373,0.5856376578814442,-0.6068169684501756,0.2810481574226044,0.4223861525015557,0.651140413943984,-0.5124040585917322,0.4535349524080186,0.19337994663839028,0.0
bt,-0.046532091383670274,1.3413697113144845,-0.15526587552007715,1.434926265260874,0.015047886389569566,-0.26016887293703383,-0.6776118553024592,-0.9229583579657027,0.08945439088448558,-0.15287088013651912,-1.6927641314180744,-0.27414189458515603,0.5706297599816371,-0.5064412831748976,-1.7652950464104669,-0.7437504054301534,-0.02860795054446937,-0.8400413942379021,-0.051851733687957424,0.43213891567261875,1.6699831755144094,0.8715382843777486,-2.5740687303615184,-0.1562946803070842,0.8905602760144821,0.6086888717956749,0.3875539549661057,-0.13307097331381168,-0.5703974535984991,0.13348523897081427,0.0
br,-0.2227684611655341,0.09709420502470968,-0.28126793557969965,0.000594394769703376,-0.38201955920997993,-0.658172126294198,-1.0469484556341793,-0.6634369063376543,0.20598823452655393,0.7636421929759574,0.011920413037854705,4.952330260905633,0.5640213133181097,-0.03534310278677208,1.7462808442146798,-0.37750540188261505,-0.39295942827130653,0.010346289283472558,-1.2104712109335323,-0.3479139783689095,-0.27370121805142505,0.9385301500071619,0.45816743604491783,-0.730700355637965,-0.3501414516921389,-0.3920846736732851,-0.31930600156758726,-1.0792954603404512,-1.104806207098926,0.0063852976895252276,0.0
bv,-0.4618598836492139,0.20141421864905912,5.17555293371754,0.11557478013812895,0.1281160343092864,0.6601438417247584,-0.5546060987224928,0.5943546508373065,-0.2593798590201432,-0.17664513370304177,0.0124393245867673,0.08296527111522793,0.03034535913249329,0.84650512964549,0.37274806078096756,-0.10353966611024323,0.37726488956281634,0.2143112640069263,0.9816238013063298,0.1847492507411977,-0.4989607268886286,-0.49894895011124757,-0.26622506217670966,-1.2747496930321685,-0.20101921903891473,0.8235751979231656,0.18232361195554236,0.3487308175840941,-0.22888298691586473,-0.352221111310633,0.0
bz,-0.05755814737622083,-2.6273319881166106,0.106490703147379,-0.7275536977457442,0.7932426352947746,-0.4113985360328567,-0.8800047309595938,-0.45635558698548534,-0.08564685443941468,-0.401997734305651,-1.9400520504050265,-0.18355235147757187,-0.7603988797863945,-0.31370632869523724,1.479430231547175,-0.18363271235270223,0.8705555994345234,1.1024088353611354,-0.640563437661175,0.8387338122362151,0.6023249380666517,-1.063028005800816,-0.2763205435926805,0.636104810127336,-1.4172918011007223,0.4508410952729756,-0.49817455027305013,-0.039231351657224,0.2736858062182748,0.7628296496813317,0.0
cl,-0.7382919072231396,0.4142475885584948,0.234456158116952,-0.6917121769510677,-1.4066228045239486,0.4509861497843632,0.09345164232713749,-0.16738744754525034,-0.9933836494180182,-0.3150053056652126,-1.144432580163454,0.9404978219858282,0.6210735563120943,-0.7709386690244766,-0.9177687236210484,-0.4932485381556184,-0.2753728302374332,1.2678586299497274,0.6174380395489488,0.7113588616703351,0.20370023329014134,0.3242030098583838,0.23710964414047792,2.2995516881488265,0.4922507162796625,0.9268452614890758,-0.6346192823098608,-0.5028369785865026,1.2352459945077259,0.3249662634042937,0.0
cs,-0.3331481992085732,0.949486870566008,-0.25273697369445636,0.8512154428219093,0.5933989379461152,-1.8067006509324484,0.5473717603698441,-0.42597940356138436,-0.9079556414515336,1.666539955057591,-0.18720491043717283,-0.4496854908205406,-1.148255750208431,0.9396174184125717,-0.028207346147397918,1.6127603286493626,-0.6113768080960695,0.1659483412259199,-0.17196706043819493,0.9017294860626284,-0.45777173518039915,-0.08879606337602128,1.3393514542396978,0.31749262659767474,1.0057794855363886,-0.8333207898492486,-1.2842849871686604,-0.665735932188055,0.7178990526029679,-0.03437456791550372,0.0
cj,2.7615435680449596,0.8487476765583981,-0.5071200304465422,-1.0253761845384872,0.36380791576842975,0.8932178880321816,0.24090848944618246,-1.458400370659303,-0.3017770750679706,0.523988643278274,0.1499124734058837,-1.0630937739589719,-0.392578214110672,-0.5436455389814757,1.4695897586498707,-1.1321714699281744,0.06370436661856071,1.0850260145611725,-1.8674017239905665,-0.06647317830350001,1.3959033285812976,1.1825977121845705,-0.023022881962858715,-0.22070588998674753,0.6934772473937953,-0.12248061032065279,1.0897711740477525,0.7217685184912801,0.5682286806768568,-0.4999681219468816,0.0
ct,0.03661401890329382,0.19025690748035562,-1.0326969469460636,0.16243448202761357,-0.14616109721808931,0.05770704088770683,-0.22264920243469133,-0.09161692842768719,-0.6257695210663606,-0.3387583179514567,0.9441616941683636,-0.03186031505371882,0.9005313867072366,5.187591310253239,0.24903700560413375,-1.1968311873749622,0.9168995212945367,0.7067586529844535,0.10912501198578346,0.5039430287782056,0.44869641730953946,-0.4463072883289938,0.20884256367421286,0.15851974574087177,-0.07824747251313678,0.863301092627169,1.2024578889684885,0.12004564716374225,0.08156527556377119,0.4157163207955022,0.0
cv,0.6404747270067676,-0.576400851304627,-0.02263853702038127,-0.8931599191184911,-0.13283370161449326,1.1664340247385203,-0.6926060768688826,-0.5271655833097857,0.24231035687358848,0.648888434023963,-0.01774523312289878,-0.022376182720739924,-0.44261236840945767,1.289015630123906,0.0758797734351008,1.2725388760164376,-0.0957300664877885,-1.7860522345823755,-0.281848039132944,-0.3991326589232578,1.1478982274042853,-0.1023126556639531,-0.5463875512245041,0.5938083541142629,0.5491956462401794,1.9322857349404892,-2.8999606700190395,-0.9023275933552091,0.28631066513298015,-0.21037279148926386,0.0
db,-1.0402747276260147,0.7371240257592674,0.14842796907318517,-0.47771950529977586,-1.1022159606506692,0.5144287048263729,-0.5926634434250008,-0.4987072173752362,-0.6810982258093204,-0.4703787514002881,1.088311318894682,-0.7475670109212993,-0.8832997610594223,-0.6959186059421895,0.8490416526466266,-0.3495889057341226,-0.4009600306061111,-1.079892599667164,0.7887584716824948,0.07419416254198968,0.9141244731782202,-1.1141225593851805,0.5192585175651719,0.823651158467239,-1.3356522137563585,-2.0235334080269474,-0.3925093397469379,0.2559154224411116,-0.5622253536118168,0.7918205598451405,0.0
dj,1.7034637069440153,-2.076765016823967,-0.49710959503372043,-0.8554585420296588,0.7238959912083303,-0.5594036017764252,-1.1338094055210761,0.5139411380818759,-0.2287193945854917,-0.7136496320302292,0.4260879136552685,-0.14607058356352584,1.3670135363515645,-0.19617027336429338,-1.2578387430249323,-0.775664123225923,-0.20439174483185463,-0.6723858802204642,0.009144123965419892,0.008506119942222477,-1.382871783665495,-0.13179245871308423,-0.12001727707376023,-0.07207479209348927,0.18136941463668926,-1.0616783098697171,-0.1918866063980527,0.23666740994698163,1.7000861553693964,0.054343238895938076,0.0
gl,-0.5869258852472135,-1.2196423875599436,-0.30252025915072994,2.2623816562954384,-0.4512434808800946,-0.22218294780721118,-0.2473648662686765,-0.027952563778799715,0.0729162503348099,-0.7147426382125995,1.8121135817863894,-0.14367007101973472,0.1357415035453085,-0.3983313676074733,2.1677123169956927,-0.6334556491441884,-0.07783599513396225,-0.9678756261347278,1.0392422741490803,-0.22934284059780677,-0.1941251661321627,-0.032140677631485794,-1.5181126823177395,0.4070273343992649,1.9442545320907596,0.029465304442555306,0.9718415991553229,0.044896061208490684,0.4417979240709567,0.14897052135419098,0.0
gr,-1.2494011624512171,1.295666405678053,-0.1932365722917521,-0.8422947237074353,-1.3542625712717675,0.7122992846307653,0.2579123270496622,-0.5937192493899683,-0.577791260600897,1.311325667558734,1.2975732132104683,0.11292440773395525,-0.43508437033146874,-0.7803142001639024,-1.4345927264492897,-0.9639781375189399,0.38828145177616974,-0.12086455628670599,-1.2677693685298161,1.2262674949477523,-0.4703561598434285,-0.46319887681893007,-0.5450583773793485,-0.6359757565073931,0.533237002888797,0.16147575356685634,0.07500692589456655,1.6149438921830719,0.014661483670543518,-0.6962848463601612,0.0
gj,0.6794154509856408,0.5248171327826685,0.10199996749127507,-1.124381696415039,-0.1456169255376815,-0.7773730989366515,0.09367099218481194,-1.0706666909968579,0.20248269892883416,1.210953672985167,0.449165538961212,-0.562720112579581,-0.18612016037928525,-0.6136064670247071,-0.7248210395789351,-0.3378047124682111,-1.8388184051232022,1.0120252354841777,2.002930956149671,-1.311021399370658,-0.410707794049127,0.423285929917371,-0.10007553404868046,-1.4623739539659113,-1.7826036775400995,1.8180549919768696,1.0619510498807503,-0.5822514379799261,0.42362905751467256,1.7931746106926,0.0
hr,-0.07305294665833659,-0.23958281930595676,-0.31618462741904185,-0.7858135746854795,-0.808212681085062,0.7335911563296861,-0.3747976454502434,-0.3531432304085465,0.03470042255597726,0.16915525588809532,0.2142323318782566,0.09876894120740996,-0.19827694596173062,-0.17422735637525255,-0.07391157268014256,4.033074617029159,1.2271170241218423,0.6888049736706487,-0.37435988788568114,-0.3098885914155838,-0.682303371816984,1.0020819829614585,-1.3594349403534685,0.059510304780679896,0.42780917835707843,1.1207135721127321,0.4782044605779222,0.7595680650488438,0.2180759348565562,0.6645799544088067,0.0
hd,0.09893977238674473,0.7254589615518002,-0.03957930970601984,0.48446165739324903,0.07709783097014472,-1.2178176796160194,-1.544063329999156,-1.03298397249392,4.168846402309087,1.5449309074639053,1.098918171757708,-0.3884767610487728,1.1371057391741943,-0.47019449487081816,0.39380636330553576,0.2688827870552903,1.1149404292088922,0.5786902070102887,1.7425691909553158,0.9631682608014076,-0.18364550956514059,-0.39440739444005424,0.5493607147201041,0.7063210899476623,0.14379135187925754,-0.2558193746114254,-0.2563904185064275,0.5377253104517513,0.675639711042819,-0.625227649260916,0.0
il,-0.9088230310903848,-0.0250818002042598,-0.3928543918225444,-0.6547016821996143,-0.6930561379241041,0.43033238664256657,0.06248110512187771,-0.4433169414351466,-0.3343437825348428,-0.7441580688798638,-1.291624209470713,1.931866715720146,-0.31620817096353876,-0.13406865099436563,-0.06401591664545442,-0.40250109736448564,-0.3350962011932858,-0.10821119804469236,1.8194656995237752,-0.23651850024136556,0.3151986216059437,0.6297750784967437,0.291848130847596,0.7815275835112024,0.4816753644800967,-0.6823984301906388,0.908890622608273,2.1078881405043792,1.0654674563785798,-0.021948365168986857,0.0
is,1.710361504704382,0.7750435593038227,0.40600897465604446,2.6500277476276013,-0.1906551637089115,0.8019774089800318,-1.4514771372984,-1.177361142283409,-0.3412110495416026,-0.4338867759295858,-0.19355460334521685,-0.4231453090626002,-0.37236316440714373,-0.5827638936466359,-0.010812550413898312,-0.36051789939651835,-1.428142498843623,-0.37123829600580044,-1.0044616245033609,-0.6232652841409878,-0.776530883131625,-0.7523356293927046,0.3616282893814669,1.5780874703499557,-1.8769740761159084,0.9398465277122517,-0.06825095846896521,-0.3369594031924246,-0.8861624417838633,-1.0341814547521602,0.0
if,-1.957492528044082,1.0597148180954747,-0.7831993650304039,-0.37889171358861495,4.766102614615807,1.7815512040199224,-0.24304433406918363,0.1175050722045836,0.058302847142039184,-0.31707538342674396,1.3316014045318174,0.5117839839346843,-1.0561415180154017,-0.34719153999202906,-0.6302074714805371,-0.7924240428018456,0.27266811826405274,1.0727834333639035,0.3279799679014822,-0.4837849409165001,-0.4566913102192431,0.09594341300351245,-0.5553426211643122,0.47692956924509883,0.07436358851971625,0.26412985472713907,-0.8389221788738311,-0.2878240202693671,-0.3588615176101849,-0.04949722127194753,0.0
mm,-0.34987427938256654,0.8470687038218836,-0.39355950678133994,-0.12614945999328805,-0.9027507486234787,-0.2070177232847598,-0.3087569374168992,0.17343692013828263,-0.28434943198887286,-0.716338496509949,0.07102283012582959,-0.5341879812429815,0.9538755558511964,-0.2775559596062238,-0.8398808283202231,0.2774431340556758,0.5086479787675592,1.3792919508841304,0.35441646696134593,-0.8664145445558833,0.8226871375589436,0.36512492471399266,0.7735132558884963,-0.7034562207948853,0.8890662172727959,-0.5388956481880214,-0.3597879439179324,-2.7617754878623955,-0.39947073844501907,-0.34723463143851485,0.0
mh,0.028180697024422892,-1.5108493952688027,0.3453702025587537,-0.8042512608915947,0.3392533521734015,-0.1184202863958536,1.5302523956877545,-0.616838338188918,-0.9502423392029178,2.2625872534018847,0.6710270711758584,-0.5446424741162755,-0.5223841227975475,-0.2249908449068673,1.3590734371354496,-0.28322210866717196,-0.8600144912554758,-0.7736894190835077,0.3580572154735802,0.39364194366204625,-1.5162714187179989,0.32062978328538755,-1.1155000425513766,1.3283800458561479,0.6962268168849212,-0.06635222372651031,0.6668472557429627,-1.0899063146505168,-0.5200287724368726,-0.7452874908111025,0.0
b,3.3107232021629667,0.43954355494891867,0.3099321439845761,0.7581946762019648,0.33120199596457073,-0.23166073496576273,2.9177352615431964,0.5864793775499362,0.26684110259176325,-1.4265716050272268,1.4357267044821678,2.089550864403497,-1.5263164721119653,-0.4242987741260318,-0.7483470292805716,0.6165490576407138,1.0494760437385307,0.5179727345732245,1.218183471370956,0.6852168646111978,0.9279861090597784,-1.0780711356667079,-0.3574490309940373,0.1193510213991542,-0.13351191997162398,-0.14499623358515298,-0.2234614661193547,-0.05987282526360567,-0.06737027412817592,0.38033927708358145,0.0
ms,0.9720975296471953,0.03794359260661568,0.17079849457643934,-0.6639086036987911,-0.7813046240500505,0.2173460098182283,-0.7721494510249587,-0.7626360721086866,-0.5836298910563394,-0.7820170940523469,0.34805691103668296,-0.4630116004702681,0.9591271346505749,-0.016877337923720537,-1.1603363252385153,-0.00931445718935013,2.041542438554199,0.12942275300067158,-0.2191991435792141,0.08291862246130467,-1.7553363498708379,-0.4863967675120889,-0.049866547375437886,0.12573084613366983,0.1869528716662117,-1.6867160457223445,-1.3296569312438846,0.0791995220615331,-1.9220379406364603,-0.2690919502916678,0.0
nt,0.03544208762372612,-0.16555972214709896,0.1728332887319379,0.6349754109981725,2.3329299592322386,-1.9140165950319568,-0.34333084549769544,-0.8955164531134796,-1.0654137610142655,-1.424199003915386,-0.41201356170902315,-0.20417685555780293,1.8486960247353905,-0.23513109789259082,-0.1703954620278616,1.6021352259298172,-1.4671956721192974,-0.244118840609518,-0.1949319137988719,0.5643746447347606,0.4045625819649463,0.5820124930620364,0.13175878306374242,-1.1137875169681792,0.10418368283344534,-0.6964499293436199,0.06434102822575087,0.8479154664922158,0.1299300254804075,-0.07703463427212062,0.0
ot,-0.13465877308967125,-0.5470812223150715,0.1043326292493757,-0.648728694427605,-0.14481574651458887,-0.9280059230428226,-0.24291413042342325,1.1051038025042748,-0.3858917252710039,0.1566752783722497,0.3647721070426196,0.9600947722319811,0.43003523988831477,-0.3502393284844503,-1.303638919377064,-0.4430278509944547,-1.232885725647134,-0.7218367397825926,-1.056199586611507,-0.10734207994937058,-0.137742632740828,-2.6183961548229635,-0.88453641183704,-0.7282013076981758,0.4925155546418958,1.1284193364845143,-0.25129342437690355,0.5133089315298348,1.183026230312726,-0.7559630878044995,0.0
ph,-0.6819476869000647,1.0200499784083652,-0.03846106056531078,-0.489864132893938,-0.9203594335889473,-0.7620034213896734,-0.4298449737471833,0.15827967266925583,-0.7539882068058406,-1.557636922418023,0.7887781388759404,-0.9546103153830008,-0.8464672301968842,-0.14494084670207205,1.9046366053265478,-0.341271074350565,-0.937561101548055,1.0191117316495386,-0.021692820001308583,1.2190800887522657,0.841379010355641,-0.25083293277238244,-0.4857198648207811,-1.1856138814996957,-0.5314852543335925,-0.5715875257684093,-1.7068997213886163,0.19211532295017447,0.8754243954159004,0.3105234661753017,0.0
sj,0.07639246239103895,-1.382864727407816,0.00013025572563716404,-0.7555676091281663,0.037592647876458,1.6295573507188914,1.4060597353924296,0.06330433970653994,0.5088281971222514,-0.5748192005021986,0.048060323550234645,-0.584790914406476,1.6975130759596713,-0.6823159249548882,0.6093467929564215,-0.5320037529846157,0.43160354729366784,-1.2281793269488834,1.3238027587214043,-0.3814842939540555,1.1460077341508756,1.5913847369205547,0.619304205595425,-0.8836829572199362,-0.29886341601229083,0.23708456547995055,-1.343774368911531,-0.12584242372963475,-0.3348588603098706,-0.7011015221808267,0.0
sm,-0.5215726156375717,0.10245727004941307,0.009517473651375312,-0.08845131655769399,0.1761492233055032,-0.5540511691013891,-0.2210357981504181,-0.21112145648131772,0.509767474393169,-0.5297519596357132,0.3644701197627524,-0.25772212909484016,-0.5068157827512565,-0.4403743999277117,0.06968111279229834,-0.48522529817861887,1.0040299194366176,-2.243305570904857,-1.2667163895318467,-1.450475232172789,1.2092543814117602,-0.13142170985329882,1.2143773380229588,-0.8428168492960703,1.2678589533936484,0.7869221932031122,0.5251474759381408,0.5898106355581694,-0.2784929009428881,1.164277848287934,0.0
sb,0.333904437300349,0.1474203056430571,2.762449857073286,0.25605809732975365,0.5528544437512856,0.03808205179065261,0.051729952899180295,1.4348759691895048,0.573563173913277,0.8026993191595002,-0.1649445953379926,-0.1760387837416449,-0.05000445788663691,0.07270915278568893,-0.2814719681651391,-0.0816433334235834,-0.15307548468975754,0.46900635233320487,-1.7598133807098166,-0.511853768264787,0.7778063971651782,1.2334390042803318,1.2566026595194584,1.4651650405915964,1.4108828856976863,-1.161372714113535,0.4896526757358332,0.027817953957836226,0.6436672948964065,0.909438221590613,0.0
sv,0.07187775099695058,-0.5987198548866994,-0.35714194010376116,0.21337927462192216,0.22394558811284082,2.7833555770220215,-0.19671776014053965,-0.20905975357043932,-0.25009157713971675,1.0155698592359854,0.1079842672305946,0.14490780180295282,1.071636408157411,0.6532768239967058,-0.9340286940954252,1.4982727496198007,-1.4218159698044137,-0.1603428113779481,0.15844001220675058,0.2747773314946335,0.9444972699114647,-1.0057706481987343,0.8110391305234359,0.4283643410056239,-0.8717383684656776,-1.915545368606592,1.5068336879570923,0.5526267303186155,0.23085866188556808,0.18864506095455216,0.0
tr,-0.2808349803685824,-1.8109153941349803,-0.16207604993170877,-0.6800945801078748,-0.09467455959630526,-1.1384605078546566,0.00029573086990875957,-0.25124556209793286,0.8939669996392544,0.16742903629219805,0.12922732701626602,-0.15971337718270068,-1.9956036764955385,0.0348872077910484,-2.148266293463623,-1.1620221997677755,-0.09918531916997006,-1.0531915613254932,-0.07316948509122431,1.721764888079786,0.07711758338321488,0.6963299532661428,1.523923775427187,-0.1147181850087875,-0.27557460314187776,0.1821785782720386,0.5112672003052952,-0.5192296322533052,-1.4511885243302407,0.5190869730934342,0.0
tm,1.304054471447037,1.3201146150719723,-1.1196217490862181,0.3951947940302669,0.2560721945667234,0.49419824122498196,-0.8725505101320415,2.088644615822244,-0.7822611775819798,0.4676014979050709,-1.64016051813765,-0.3429919659497878,-0.4074752710277222,-0.436166668981247,0.9841422889574332,-0.9433749126061173,1.1273873695486991,-0.31128385367347217,0.6220926828306255,-0.10405575150805456,-2.60671487815561,0.3251520076403511,1.098743428527339,-0.4178717633082749,0.4366673346256849,0.7991216696630438,-0.5122170255889604,1.180204421638323,0.5522388132377283,0.6465267825834639,0.0
tl,-0.7826914596171558,0.6241490612400662,0.17774539348383386,0.15963572346140753,0.0008029016748800549,-1.0031344282835393,3.3922018682171973,0.18116766337134224,0.06002993080235253,0.5414290753159473,-0.3339561058539989,-0.4324351245946084,2.7707160668996873,-0.007412058250107861,0.38832716727228794,-0.8475262733497987,-0.11232114218082469,0.14787897910971473,-0.8748808465821302,-0.04377107789915022,-0.6568184424197953,0.3898646169693486,-0.12795352870118729,0.988239506362582,-1.1225720498843614,0.3882113068166628,-0.914033577086457,0.7835386956454868,-0.7155204551772233,0.23706441336351214,0.0
vl,-0.29384601523132925,0.3697936201263162,0.07820416213731644,-0.650803470287082,-0.1669706435572376,-1.7385618465113843,0.7802224027070961,-0.8541437261322108,0.8219917420339625,-0.7163708328163936,-1.1090875421636024,-0.41753686140776647,-1.686576052770413,1.7676031052437933,-0.3899531101009083,0.1426391915140186,-0.07985654529038767,-0.3484576621755643,0.12101360919060837,-2.494695245835621,-0.3381491157622632,0.5948501312361327,-0.9489086673469767,0.7746986790750343,-0.8297814580713143,-1.1288631487821643,-0.5157721860159612,0.9218355556880007,0.3043392719102033,-1.076573179868977,0.0
vs,-0.9138965548952606,-2.0088385265473145,-0.5140927921336463,3.622121020707788,-0.9184584931970801,0.9037126021710876,0.609450821670765,0.24400311183486015,-0.018416678197008197,0.8918579780025232,-0.2597742979807964,-0.20424072896151338,-0.9415815096619401,0.12080839109220222,-1.180305453109982,-0.5223052853354148,0.44066196943599617,1.360551329758057,-0.2682277844294892,-0.46483603122408906,-0.17610702964737956,1.137991193227399,-0.37910454050421316,-1.2596489562985727,-0.6852802722177982,-0.48456542107685063,-1.1201133243921242,0.10046747731720503,0.8650331587335605,0.4362166687609734,0.0
vn,-1.1262544930156755,-0.449749033732099,0.25204664443143776,-0.07147652112148974,0.30012853478381146,-0.5544136514496617,0.19544586224286606,-1.0727285583723345,-1.0333900323850267,-0.6401997522730032,-0.4150772891163955,-0.3128584865003909,-0.06065611905597012,-0.9777612128497418,0.23325470710667046,0.4089710080659865,3.014075473367825,0.3540299312999728,-0.6530444443862936,-0.2388638186522229,-0.3197574708861518,-0.35876144270839333,0.24774338740582522,-0.10448174312251249,-1.1243991492336918,0.16375036313676364,2.0906156365424375,-1.0358113651391483,0.35123278395189766,-0.6683764446980313,0.0
